creditability,account_balance,duration_of_credit_monthly,payment_status_of_previous_credit,purpose,credit_amount,value_savings_stocks,length_of_current_employment,instalment_per_cent,sex_marital_status,guarantors,duration_in_current_address,most_valuable_available_asset,age_years,concurrent_credits,type_of_apartment,no_of_credits_at_this_bank,occupation,no_of_dependents,telephone,credit_amount_per_month
1,1,18,4,2,1049,1,2,4,2,1,4,2,21,3,1,1,3,1,1,58.27777777777778
1,1,9,4,0,2799,1,3,2,3,1,2,1,36,3,1,2,3,2,1,311.0
1,2,12,2,9,841,2,4,2,2,1,4,1,23,3,1,1,2,1,1,70.08333333333333
1,1,12,4,0,2122,1,3,3,3,1,2,1,39,3,1,2,2,2,1,176.83333333333334
1,1,12,4,0,2171,1,3,4,3,1,4,2,38,1,2,2,2,1,1,180.91666666666666
1,1,10,4,0,2241,1,2,1,3,1,3,1,48,3,1,2,2,2,1,224.1
1,1,8,4,0,3398,1,4,1,3,1,4,1,39,3,2,2,2,1,1,424.75
1,1,6,4,0,1361,1,2,2,3,1,4,1,40,3,2,1,2,2,1,226.83333333333334
1,4,18,4,3,1098,1,1,4,2,1,4,3,65,3,2,2,99,1,1,61.0
1,2,24,2,3,3758,3,1,1,2,1,4,4,23,3,1,1,99,1,1,156.58333333333334
1,1,11,4,0,3905,1,3,2,3,1,2,1,36,3,1,2,3,2,1,355.0
1,1,30,4,1,6187,2,4,1,4,1,4,3,24,3,1,2,3,1,1,206.23333333333332
1,1,6,4,3,1957,1,4,1,2,1,4,3,31,3,2,1,3,1,1,326.1666666666667
1,2,48,3,99,7582,2,1,2,3,1,4,4,31,3,2,1,4,1,2,157.95833333333334
1,1,18,2,3,1936,5,4,2,4,1,4,3,23,3,1,2,2,1,1,107.55555555555556
1,1,6,2,3,2647,3,3,2,3,1,3,1,44,3,1,1,3,2,1,441.1666666666667
1,1,11,4,0,3939,1,3,1,3,1,2,1,40,3,2,2,2,2,1,358.09090909090907
1,2,18,2,3,3213,3,2,1,4,1,3,1,25,3,1,1,3,1,1,178.5
1,2,36,4,3,2337,1,5,4,3,1,4,1,36,3,2,1,3,1,1,64.91666666666667
1,4,11,4,0,7228,1,3,1,3,1,4,2,39,3,2,2,2,1,1,657.0909090909091
1,1,6,4,0,3676,1,3,1,3,1,3,1,37,3,1,3,3,2,1,612.6666666666666
1,2,12,4,0,3124,1,2,1,3,1,3,1,49,1,2,2,2,2,1,260.3333333333333
0,2,36,2,99,2384,1,2,4,3,1,1,4,33,3,1,1,2,1,1,66.22222222222223
1,2,12,4,99,1424,1,4,4,3,1,3,2,26,3,2,1,3,1,1,118.66666666666667
1,1,6,4,0,4716,5,2,1,3,1,3,1,44,3,2,2,2,2,1,786.0
1,2,11,3,3,4771,1,4,2,3,1,4,2,51,3,2,1,3,1,1,433.72727272727275
1,1,12,2,2,652,1,5,4,2,1,4,2,24,3,1,1,3,1,1,54.333333333333336
1,2,9,4,3,1154,1,5,2,3,1,4,1,37,3,2,3,2,1,1,128.22222222222223
1,4,15,2,0,3556,5,3,3,3,1,2,4,29,3,2,1,3,1,1,237.06666666666666
1,3,42,4,1,4796,1,5,4,3,1,4,4,56,3,3,1,3,1,1,114.19047619047619
1,3,30,4,3,3017,1,5,4,3,1,4,2,47,3,2,1,3,1,1,100.56666666666666
1,4,36,4,0,3535,1,4,4,3,1,4,3,37,3,2,2,3,1,2,98.19444444444444
1,4,36,4,0,6614,1,5,4,3,1,4,3,34,3,2,2,4,1,2,183.72222222222223
1,4,24,2,3,1376,3,4,4,2,1,1,3,28,3,2,1,3,1,1,57.333333333333336
1,1,15,2,0,1721,1,2,2,3,1,3,1,36,3,2,1,3,1,1,114.73333333333333
1,1,6,4,0,860,1,5,1,2,1,4,4,39,3,2,2,3,1,2,143.33333333333334
1,4,12,4,0,1495,1,5,4,3,1,1,1,38,3,2,2,2,2,1,124.58333333333333
1,4,12,4,3,1934,1,5,2,3,1,2,4,26,3,2,2,3,1,1,161.16666666666666
1,4,18,2,1,3378,5,3,2,3,1,1,2,31,3,2,1,3,1,2,187.66666666666666
1,4,24,4,1,3868,1,5,4,2,1,2,3,41,3,1,2,4,1,2,161.16666666666666
1,4,12,4,99,996,5,4,4,2,1,4,1,23,3,2,2,3,1,1,83.0
1,1,24,2,99,1755,1,5,4,2,3,4,1,58,3,2,1,2,1,2,73.125
1,4,18,4,0,1028,1,3,4,2,1,3,1,36,3,2,2,3,1,1,57.111111111111114
1,2,24,4,9,2825,5,4,4,3,1,3,4,34,3,2,2,3,2,2,117.70833333333333
1,2,18,2,6,1239,5,3,4,3,1,4,4,61,3,3,1,3,1,1,68.83333333333333
0,1,18,2,0,1216,1,2,4,2,1,3,3,23,3,1,1,3,1,2,67.55555555555556
1,4,24,2,9,1258,1,4,4,3,1,1,1,25,3,2,1,3,1,2,52.416666666666664
0,4,18,4,6,1864,2,3,4,2,1,2,1,30,3,2,2,3,1,1,103.55555555555556
1,4,24,2,0,1474,2,2,4,4,1,3,1,33,3,2,1,3,1,2,61.416666666666664
1,1,24,4,9,1382,2,4,4,3,1,1,1,26,3,2,2,3,1,2,57.583333333333336
1,4,12,2,0,640,1,3,4,1,1,2,1,49,3,2,1,2,1,1,53.333333333333336
1,3,36,2,3,3919,1,3,2,3,1,2,1,23,3,2,1,3,1,2,108.86111111111111
1,4,9,4,0,1224,1,3,3,3,1,1,1,30,3,2,2,3,1,1,136.0
1,4,12,4,3,2331,5,5,1,3,2,4,1,49,3,2,1,3,1,2,194.25
1,4,24,2,1,6313,5,5,3,3,1,4,3,41,3,2,1,4,2,2,263.0416666666667
1,1,12,4,3,385,1,4,4,2,1,3,1,58,3,2,4,2,1,2,32.083333333333336
1,4,12,4,3,1655,1,5,2,3,1,4,1,63,3,2,2,2,1,2,137.91666666666666
1,1,15,2,3,1053,1,2,4,4,1,2,1,27,3,2,1,3,1,1,70.2
1,4,21,2,3,3160,5,5,4,3,1,3,2,41,3,2,1,3,1,2,150.47619047619048
1,4,36,2,0,3079,5,3,4,3,1,4,1,36,3,2,1,3,1,1,85.52777777777777
1,4,12,4,0,1163,3,3,4,3,1,4,1,44,3,2,1,3,1,2,96.91666666666667
1,4,24,2,1,2679,1,2,4,2,1,1,4,29,3,2,1,4,1,2,111.625
1,4,48,4,3,3578,5,5,4,3,1,1,1,47,3,2,1,3,1,2,74.54166666666667
1,4,36,3,0,10875,1,5,2,3,1,2,3,45,3,2,2,3,2,2,302.0833333333333
1,1,12,3,0,1344,1,3,4,3,1,2,1,43,3,2,2,2,2,1,112.0
1,4,6,4,3,1237,2,3,1,2,1,1,2,27,3,2,2,3,1,1,206.16666666666666
1,4,12,2,3,3077,1,3,2,3,1,4,3,52,3,2,1,3,1,2,256.4166666666667
1,4,24,2,3,2284,1,4,4,3,1,2,3,28,3,2,1,3,1,2,95.16666666666667
1,2,12,2,3,1567,1,3,1,2,1,1,3,22,3,2,1,3,1,2,130.58333333333334
1,4,24,3,0,2032,1,5,4,3,1,4,4,60,3,3,2,3,1,2,84.66666666666667
1,2,21,4,2,2745,99,4,3,3,1,2,3,32,3,2,2,3,1,2,130.71428571428572
1,4,30,2,3,1867,5,5,4,3,1,4,3,58,3,2,1,3,1,2,62.233333333333334
1,4,36,2,3,2299,3,5,4,3,1,4,3,39,3,2,1,3,1,1,63.861111111111114
1,4,24,2,2,929,5,4,4,3,1,2,3,31,99,2,1,3,1,2,38.708333333333336
1,3,12,2,3,3399,5,5,2,3,1,3,3,37,3,2,1,4,1,1,283.25
1,2,9,2,2,2030,5,4,2,3,1,1,3,24,3,2,1,3,1,2,225.55555555555554
1,4,21,4,1,3275,1,5,1,3,1,4,3,36,3,2,1,4,1,2,155.95238095238096
1,4,24,4,0,1940,99,5,4,3,1,4,1,60,3,2,1,3,1,2,80.83333333333333
1,1,21,4,0,1602,1,5,4,4,1,3,3,30,3,2,2,3,1,2,76.28571428571429
1,4,15,2,3,1979,5,5,4,3,1,2,3,35,3,2,1,3,1,1,131.93333333333334
1,4,24,4,0,2022,1,3,4,2,1,4,3,37,3,2,1,3,1,2,84.25
1,4,36,4,3,3342,5,5,4,3,1,2,3,51,3,2,1,3,1,2,92.83333333333333
1,2,18,2,0,5866,2,3,2,3,1,2,3,30,3,2,2,3,1,2,325.8888888888889
1,3,15,4,1,2360,3,3,2,3,1,2,3,36,3,2,1,3,1,2,157.33333333333334
1,4,15,4,2,1520,5,5,4,3,1,4,2,63,3,2,1,3,1,1,101.33333333333333
1,1,12,2,0,3651,99,3,1,3,1,3,2,31,3,2,1,3,2,1,304.25
1,4,24,4,1,2346,1,4,4,3,1,3,3,35,3,2,2,3,1,2,97.75
1,4,36,3,3,4454,1,3,4,2,1,4,1,34,3,2,2,3,1,1,123.72222222222223
1,1,6,4,0,666,99,4,3,2,1,4,1,39,3,2,2,2,1,2,111.0
1,2,24,3,0,1965,5,3,4,2,1,4,3,42,3,1,2,3,1,2,81.875
1,2,12,4,0,1995,2,2,4,3,1,1,3,27,3,2,1,3,1,1,166.25
1,2,30,2,3,2991,5,5,2,2,1,4,3,25,3,2,1,3,1,1,99.7
1,2,30,99,9,4221,1,3,2,2,1,1,3,28,3,2,2,3,1,1,140.7
1,1,9,2,3,1364,1,4,3,3,1,4,1,59,3,2,1,3,1,1,151.55555555555554
1,2,18,4,2,6361,1,5,2,3,1,1,4,41,3,2,1,3,1,2,353.3888888888889
1,4,27,4,2,4526,99,2,4,3,1,2,1,32,99,2,2,2,2,2,167.62962962962962
1,2,12,4,3,3573,1,3,1,2,1,1,1,23,3,2,1,2,1,1,297.75
0,2,36,3,9,4455,1,3,2,1,1,2,1,30,99,2,2,4,1,2,123.75
1,1,9,2,2,2136,1,3,3,3,1,2,1,25,3,2,1,3,1,1,237.33333333333334
1,2,42,4,9,5954,1,4,2,2,1,1,1,41,1,2,2,2,1,1,141.76190476190476
1,4,24,4,2,3777,99,3,4,3,1,4,1,40,3,2,1,3,1,2,157.375
1,1,15,2,9,806,1,3,4,2,1,4,2,22,3,2,1,2,1,1,53.733333333333334
1,2,24,3,9,4712,5,3,4,3,1,2,2,34,1,2,2,4,1,2,196.33333333333334
1,2,36,3,0,7432,1,3,2,2,1,2,2,54,3,1,1,3,1,1,206.44444444444446
1,4,24,4,3,1851,1,4,4,4,3,2,3,33,3,2,2,3,1,2,77.125
1,4,24,2,0,1393,1,3,2,3,3,2,1,31,3,2,1,3,1,2,58.041666666666664
1,4,12,4,9,1412,1,3,4,2,3,2,1,29,3,2,2,4,1,2,117.66666666666667
1,4,18,2,3,1473,1,2,3,4,1,4,1,39,3,2,1,3,1,2,81.83333333333333
1,4,24,2,3,1533,1,2,4,2,1,3,3,38,99,2,1,3,1,2,63.875
1,4,12,4,6,2012,5,4,4,2,1,2,3,61,3,2,1,3,1,1,167.66666666666666
0,1,15,2,0,3959,1,3,3,2,1,2,2,29,3,2,1,3,1,2,263.93333333333334
1,1,6,2,2,428,1,5,2,2,1,1,2,49,1,2,1,3,1,2,71.33333333333333
1,2,12,4,0,2366,3,4,3,1,1,3,3,36,3,2,1,4,1,2,197.16666666666666
1,4,12,2,2,763,1,3,4,2,1,1,1,26,3,2,1,3,1,2,63.583333333333336
1,2,21,2,2,3976,5,4,2,3,1,3,3,35,3,2,1,3,1,2,189.33333333333334
1,2,18,2,0,6260,1,4,3,3,1,3,1,28,3,1,1,2,1,1,347.77777777777777
1,2,9,4,2,1919,1,4,4,3,1,3,3,35,3,1,1,3,1,2,213.22222222222223
1,4,24,2,1,2603,99,3,2,2,1,4,3,28,3,1,1,3,1,2,108.45833333333333
1,4,9,4,6,936,3,5,4,3,1,2,3,52,3,2,2,3,1,2,104.0
1,4,24,2,2,3062,3,5,4,3,1,3,4,32,3,1,1,3,1,2,127.58333333333333
1,2,36,2,3,4795,1,2,4,2,1,1,4,30,3,2,1,4,1,2,133.19444444444446
1,4,36,4,1,5842,1,5,2,3,1,2,2,35,3,2,2,3,2,2,162.27777777777777
1,2,6,2,3,2063,1,2,4,4,1,3,3,30,3,1,1,4,1,2,343.8333333333333
1,4,15,4,3,1459,1,3,4,2,1,2,3,43,3,2,1,2,1,1,97.26666666666667
1,4,15,2,3,1213,3,5,4,3,1,3,2,47,99,2,1,3,1,2,80.86666666666666
1,4,24,4,3,5103,1,2,3,4,1,3,4,47,3,3,3,3,1,2,212.625
1,4,15,2,99,874,5,2,4,2,1,1,1,24,3,2,1,3,1,1,58.266666666666666
1,4,6,2,2,2978,3,3,1,3,1,2,3,32,3,2,1,3,1,2,496.3333333333333
1,4,18,2,0,1820,1,3,2,4,1,2,2,30,3,2,1,4,1,2,101.11111111111111
1,4,24,4,3,2872,2,5,3,3,1,4,1,36,3,2,1,3,2,2,119.66666666666667
1,3,24,2,2,1925,1,3,2,3,1,2,1,26,3,2,1,3,1,1,80.20833333333333
1,4,18,2,2,2515,1,3,3,3,1,4,1,43,3,2,1,3,1,2,139.72222222222223
1,3,6,2,2,2116,1,3,2,3,1,2,1,41,3,2,1,3,1,2,352.6666666666667
1,4,18,2,3,1453,1,2,3,2,1,1,1,26,3,2,1,3,1,1,80.72222222222223
1,4,10,2,0,1364,1,3,2,2,1,4,3,64,3,2,1,3,1,2,136.4
1,4,6,2,2,1543,99,3,4,1,1,2,1,33,3,2,1,3,1,1,257.1666666666667
1,2,12,2,0,1318,99,5,4,3,1,4,1,54,3,2,1,3,1,2,109.83333333333333
1,1,24,99,0,2325,2,4,2,3,1,3,3,32,1,2,1,3,1,1,96.875
1,2,6,4,99,932,5,4,1,2,1,3,2,39,3,2,2,2,1,1,155.33333333333334
1,3,24,4,3,3148,5,3,3,3,1,2,3,31,3,2,2,3,1,2,131.16666666666666
1,4,36,2,3,3835,5,5,2,2,1,4,1,45,3,2,1,2,1,2,106.52777777777777
1,4,9,2,6,3832,5,5,1,3,1,4,1,64,3,2,1,2,1,1,425.77777777777777
1,2,24,2,3,5084,5,5,2,2,1,4,3,42,3,2,1,3,1,2,211.83333333333334
1,4,9,4,2,2406,1,1,2,3,1,3,3,31,3,2,1,4,1,1,267.3333333333333
1,4,36,2,3,2394,5,3,4,2,1,4,3,25,3,2,1,3,1,1,66.5
1,4,21,2,1,2476,5,5,4,3,1,4,1,46,3,2,1,4,1,2,117.9047619047619
1,1,24,2,1,2964,5,5,4,3,1,4,4,49,1,3,1,3,2,2,123.5
1,1,12,2,2,1262,5,5,2,1,1,4,2,49,3,2,1,2,1,2,105.16666666666667
1,4,12,2,9,1542,1,4,2,3,1,4,3,36,3,2,1,3,1,2,128.5
1,2,24,4,3,1743,1,5,4,3,1,2,2,48,3,2,2,2,1,1,72.625
1,3,12,99,3,409,99,3,3,2,1,3,1,42,3,1,2,3,1,1,34.083333333333336
1,4,12,2,3,2171,1,2,2,2,1,2,3,29,1,2,1,3,1,1,180.91666666666666
1,4,48,4,1,8858,5,4,2,3,1,1,4,35,3,3,2,3,1,2,184.54166666666666
1,2,24,2,0,3512,2,4,2,3,1,3,3,38,1,2,2,3,1,2,146.33333333333334
1,2,12,2,3,1158,3,3,3,1,1,1,3,26,3,2,1,3,1,2,96.5
1,4,24,4,3,2684,1,3,4,3,1,2,1,35,3,2,2,2,1,1,111.83333333333333
1,1,12,2,3,1498,1,3,4,2,1,1,3,23,1,2,1,3,1,1,124.83333333333333
1,4,30,4,3,5954,1,4,3,3,2,2,3,38,3,2,1,3,1,1,198.46666666666667
0,2,48,99,9,6416,1,5,4,2,1,3,4,59,3,1,1,3,1,1,133.66666666666666
1,2,12,4,2,3617,1,5,1,3,1,4,3,28,3,1,3,3,1,2,301.4166666666667
1,4,12,4,3,1291,1,3,4,2,1,2,2,35,3,2,2,3,1,1,107.58333333333333
1,3,24,4,9,1275,99,3,2,1,1,4,1,36,3,2,2,3,1,2,53.125
1,4,24,2,2,3972,1,4,2,2,1,4,2,25,3,1,1,3,1,2,165.5
1,4,15,4,2,3343,1,3,4,3,1,2,4,28,3,3,1,3,1,2,222.86666666666667
1,3,15,2,6,392,1,2,4,2,1,4,2,23,3,1,1,3,1,2,26.133333333333333
1,4,9,4,0,2134,1,3,4,3,1,4,3,48,3,2,3,3,1,2,237.11111111111111
1,4,30,4,3,5771,1,4,4,2,1,2,3,25,3,2,2,3,1,1,192.36666666666667
1,4,24,4,9,4526,1,3,3,3,1,2,1,74,3,2,1,4,1,2,188.58333333333334
1,4,15,4,2,2788,1,4,2,2,2,3,3,24,1,2,2,3,1,1,185.86666666666667
1,4,6,4,3,1382,1,3,1,2,1,1,3,28,3,2,2,3,1,2,230.33333333333334
1,3,36,2,3,5848,1,3,4,3,1,1,3,24,3,2,1,3,1,1,162.44444444444446
0,1,12,2,0,1228,1,3,4,2,1,2,1,24,3,2,1,2,1,1,102.33333333333333
1,3,12,2,3,1297,1,3,3,4,1,4,1,23,3,1,1,3,1,1,108.08333333333333
1,4,24,2,3,1552,1,4,3,3,1,1,3,32,1,2,1,3,2,1,64.66666666666667
1,4,12,2,3,1963,1,4,4,3,1,2,3,31,3,1,2,4,2,2,163.58333333333334
1,4,24,2,3,3235,3,5,3,1,1,2,3,36,3,2,1,4,1,2,134.79166666666666
1,4,24,4,9,4139,2,3,3,3,1,3,2,27,3,2,2,2,1,2,172.45833333333334
1,2,12,4,1,1804,2,2,3,3,1,4,2,44,3,2,1,3,1,1,150.33333333333334
1,4,18,2,9,1950,1,4,4,3,1,1,3,34,99,2,2,3,1,2,108.33333333333333
1,4,48,3,3,12749,3,4,4,3,1,1,3,37,3,2,1,4,1,2,265.6041666666667
1,4,9,2,99,1236,1,2,1,2,1,4,1,23,3,1,1,3,1,2,137.33333333333334
1,4,18,4,0,1055,1,2,4,2,1,1,2,30,3,2,2,3,1,1,58.611111111111114
1,1,30,99,9,8072,5,2,2,3,1,3,3,25,1,2,3,3,1,1,269.06666666666666
1,4,30,4,3,2831,1,3,4,2,1,2,3,33,3,2,1,3,1,2,94.36666666666666
1,4,9,2,9,1449,1,4,3,2,1,2,3,27,3,2,2,3,1,1,161.0
1,4,36,2,9,5742,2,4,2,3,1,2,3,31,3,2,2,3,1,2,159.5
1,4,12,2,0,2390,5,5,4,3,1,3,3,50,3,2,1,3,1,2,199.16666666666666
1,4,24,2,3,3430,3,5,3,3,1,2,3,31,3,2,1,3,2,2,142.91666666666666
1,2,36,2,6,2273,1,4,3,3,1,1,3,32,3,2,2,3,2,1,63.138888888888886
1,3,21,2,0,2923,2,3,1,2,1,1,3,28,1,2,1,4,1,2,139.1904761904762
1,4,24,2,3,1901,2,3,4,3,1,4,3,29,3,1,1,4,1,2,79.20833333333333
1,2,36,2,6,3711,5,3,2,4,1,2,3,27,3,2,1,3,1,1,103.08333333333333
1,2,48,2,0,8487,5,4,1,2,1,2,3,24,3,2,1,3,1,1,176.8125
1,4,24,2,0,2255,5,2,4,3,1,1,2,54,3,2,1,3,1,1,93.95833333333333
1,4,12,2,3,1262,1,3,3,3,1,2,3,25,3,2,1,3,1,1,105.16666666666667
1,4,33,4,1,7253,1,4,3,3,1,2,3,35,3,2,2,4,1,2,219.78787878787878
1,4,6,4,0,6761,1,4,1,3,1,3,4,45,3,2,2,4,2,2,1126.8333333333333
1,4,18,4,2,1817,1,3,4,2,1,2,4,28,3,2,2,3,1,1,100.94444444444444
1,4,12,2,3,2141,2,4,3,3,1,1,4,35,3,2,1,3,1,1,178.41666666666666
1,4,48,99,9,3609,1,3,1,2,1,1,1,27,99,2,1,3,1,1,75.1875
1,4,30,2,3,2333,3,5,4,3,1,2,3,30,1,2,1,4,1,1,77.76666666666667
1,4,28,99,1,7824,5,2,3,3,3,4,1,40,1,1,2,3,2,2,279.42857142857144
1,3,18,99,3,1445,5,4,4,3,1,4,3,49,1,2,1,2,1,1,80.27777777777777
1,1,24,2,2,7721,5,2,1,2,1,2,2,30,3,2,1,3,1,2,321.7083333333333
1,1,21,2,0,3763,5,4,2,3,2,2,1,24,3,2,1,2,1,1,179.1904761904762
1,2,18,2,9,4439,1,5,1,3,2,1,1,33,1,2,1,4,1,2,246.61111111111111
1,1,12,2,3,1107,1,3,2,3,1,2,1,20,3,1,1,4,2,2,92.25
1,2,15,2,3,1444,5,2,4,3,1,1,2,23,3,2,1,3,1,1,96.26666666666667
1,2,48,99,0,12169,5,1,4,3,2,4,4,36,3,3,1,4,1,2,253.52083333333334
1,4,9,2,3,2753,2,5,3,3,2,4,3,35,3,2,1,3,1,2,305.8888888888889
1,3,4,2,0,1494,5,2,1,3,1,2,1,29,3,2,1,2,2,1,373.5
1,1,24,99,2,2828,3,3,4,3,1,4,1,22,99,2,1,3,1,2,117.83333333333333
1,1,24,99,2,2483,3,3,4,3,1,4,1,22,99,2,1,3,1,2,103.45833333333333
1,3,6,4,0,1299,1,3,1,3,1,1,1,74,3,2,3,99,2,1,216.5
1,2,9,2,0,1549,5,2,4,3,1,2,1,35,3,2,1,99,1,1,172.11111111111111
1,3,10,2,0,3949,1,2,1,3,3,1,2,37,3,2,1,2,2,1,394.9
1,4,10,2,1,2901,5,2,1,2,1,4,1,31,3,1,1,3,1,1,290.1
1,3,6,2,0,709,99,2,2,4,1,2,1,27,3,2,1,99,1,1,118.16666666666667
1,1,47,2,0,10722,1,2,1,2,1,1,1,35,3,2,1,2,1,2,228.12765957446808
1,4,10,2,0,1287,5,5,4,3,2,2,2,45,3,2,1,2,1,1,128.7
1,1,18,99,3,1940,1,2,3,3,2,4,4,36,1,3,1,4,1,2,107.77777777777777
1,3,30,4,3,3656,5,5,4,3,1,4,2,49,99,2,2,2,1,1,121.86666666666666
1,4,24,3,1,4679,1,4,3,3,1,3,3,35,3,2,2,2,1,2,194.95833333333334
1,4,27,3,1,8613,99,3,2,3,1,2,3,27,3,2,2,3,1,1,319.0
1,1,18,2,2,2659,99,3,4,3,1,2,3,28,3,2,1,3,1,1,147.72222222222223
1,4,24,4,3,1516,99,3,4,2,1,1,1,43,3,2,2,2,1,1,63.166666666666664
1,1,18,2,0,4380,2,3,3,3,1,4,3,35,3,2,1,2,2,2,243.33333333333334
1,4,14,3,0,802,1,3,4,3,1,2,3,27,3,2,2,2,1,1,57.285714285714285
1,4,21,2,9,1572,99,5,4,2,1,4,1,36,1,2,1,2,1,1,74.85714285714286
1,2,48,99,9,3566,2,4,4,3,1,2,3,30,3,2,1,3,1,1,74.29166666666667
1,4,24,2,3,1278,1,5,4,3,1,1,1,36,3,2,1,4,1,2,53.25
1,4,6,99,3,426,1,5,4,4,1,4,3,39,3,2,1,2,1,1,71.0
1,4,39,2,1,8588,2,5,4,3,1,2,3,45,3,2,1,4,1,2,220.2051282051282
1,1,30,2,1,3857,1,3,4,1,1,4,2,40,3,2,1,4,1,2,128.56666666666666
0,2,12,2,0,685,1,4,2,4,1,3,3,25,1,2,1,2,1,1,57.083333333333336
1,1,24,2,3,1603,1,5,4,2,1,4,3,55,3,2,1,3,1,1,66.79166666666667
1,4,21,2,2,2241,1,5,4,3,1,2,1,50,3,2,2,3,1,1,106.71428571428571
1,1,24,2,3,2384,1,5,4,3,1,4,1,64,1,1,1,2,1,1,99.33333333333333
1,4,4,2,2,601,1,2,1,2,1,3,1,23,3,1,1,2,2,1,150.25
1,4,39,2,1,2569,3,3,4,3,1,4,3,24,3,2,1,3,1,1,65.87179487179488
1,4,15,4,3,1316,3,3,2,4,1,2,2,47,3,2,2,2,1,1,87.73333333333333
1,4,60,2,0,10366,1,5,2,3,1,4,2,42,3,2,1,4,1,2,172.76666666666668
1,4,18,2,9,1568,2,3,3,2,1,4,2,24,3,1,1,2,1,1,87.11111111111111
1,4,18,4,3,629,3,5,4,3,1,3,2,32,1,2,2,4,1,2,34.94444444444444
1,4,6,99,3,1750,3,5,2,3,1,4,2,45,1,2,1,2,2,1,291.6666666666667
1,4,24,2,1,3488,2,4,3,2,1,4,3,23,3,2,1,3,1,1,145.33333333333334
1,4,18,4,3,1800,1,3,4,3,1,2,3,24,3,2,2,3,1,1,100.0
1,4,24,3,2,4151,2,3,2,3,1,3,2,35,3,2,2,3,1,1,172.95833333333334
1,2,15,2,99,2631,2,3,3,2,1,2,1,25,3,2,1,2,1,1,175.4
1,4,21,2,1,5248,5,3,1,3,1,3,3,26,3,2,1,3,1,1,249.9047619047619
1,2,18,3,0,2899,5,5,4,3,1,4,3,43,3,2,1,3,2,1,161.05555555555554
1,2,18,3,99,6204,1,3,2,3,1,4,1,44,3,2,1,2,2,2,344.6666666666667
1,4,12,2,3,804,1,5,4,3,1,4,3,38,3,2,1,3,1,1,67.0
1,4,36,2,3,3595,1,5,4,3,1,2,3,28,3,2,1,3,1,1,99.86111111111111
1,4,36,4,1,5711,99,5,4,3,1,2,3,38,3,2,2,4,1,2,158.63888888888889
1,3,15,2,9,2687,1,4,2,3,1,4,2,26,3,1,1,3,1,2,179.13333333333333
1,1,15,3,2,3643,1,5,1,2,1,4,2,27,3,2,2,2,1,1,242.86666666666667
1,4,10,4,2,2146,1,2,1,2,1,3,1,23,3,1,2,3,1,1,214.6
1,1,10,2,3,2315,1,5,3,3,1,4,1,52,3,2,1,2,1,1,231.5
1,4,5,2,9,3448,1,4,1,3,1,4,1,74,3,2,1,2,1,1,689.6
1,4,15,2,2,2708,1,2,2,3,1,3,2,27,1,2,2,2,1,1,180.53333333333333
1,4,11,4,0,1393,1,2,4,2,1,4,3,35,3,2,2,4,1,1,126.63636363636364
1,3,10,2,2,1275,1,2,4,2,1,2,2,23,3,2,1,3,1,1,127.5
1,4,9,2,2,1313,1,5,1,3,1,4,3,20,3,2,1,3,1,1,145.88888888888889
1,4,12,2,3,1493,1,2,4,2,1,3,3,34,3,2,1,3,2,1,124.41666666666667
1,4,22,2,3,2675,3,5,3,3,1,4,3,40,3,2,1,3,1,1,121.5909090909091
1,2,9,2,3,2118,1,3,2,3,1,2,1,37,3,2,1,2,2,1,235.33333333333334
1,4,36,2,0,909,3,5,4,3,1,4,2,36,3,2,1,3,1,1,25.25
1,4,12,4,2,1258,1,2,2,2,1,4,2,22,3,1,2,2,1,1,104.83333333333333
1,4,15,99,3,1569,2,5,4,3,1,4,3,34,1,2,1,2,2,1,104.6
1,4,6,2,1,1236,3,3,2,3,1,4,2,50,3,1,1,3,1,1,206.0
1,4,36,3,2,7678,3,4,2,2,1,4,3,40,3,2,2,3,1,2,213.27777777777777
1,4,6,2,99,660,3,4,2,4,1,4,1,23,3,1,1,2,1,1,110.0
1,4,24,2,2,2835,3,5,3,3,1,4,2,53,3,2,1,3,1,1,118.125
1,4,24,2,1,2670,1,5,4,3,1,4,3,35,3,2,1,4,1,2,111.25
1,4,12,99,99,3447,3,3,4,2,1,3,1,35,3,2,1,2,2,1,287.25
1,4,15,2,3,3568,1,5,4,2,1,2,3,54,1,1,1,4,1,2,237.86666666666667
1,2,21,4,9,3652,1,4,2,3,1,3,2,27,3,2,2,3,1,1,173.9047619047619
1,1,24,2,3,3660,1,3,2,2,1,4,3,28,3,2,1,3,1,1,152.5
1,3,9,2,3,1126,2,5,2,1,1,4,1,49,3,2,1,3,1,1,125.11111111111111
1,3,6,3,3,683,1,2,2,2,1,1,2,29,1,2,1,3,1,1,113.83333333333333
1,3,12,2,2,2251,1,3,1,2,1,2,3,46,3,2,1,2,1,1,187.58333333333334
1,4,12,2,1,4675,5,2,1,2,1,4,3,20,3,1,1,3,1,1,389.5833333333333
1,2,21,3,0,2353,1,3,1,1,1,4,2,47,3,2,2,3,1,1,112.04761904761905
1,1,21,2,3,3357,99,2,4,2,1,2,3,29,1,2,1,3,1,1,159.85714285714286
1,4,6,2,0,672,1,1,1,2,1,4,1,54,3,2,1,99,1,2,112.0
1,1,6,4,3,338,3,5,4,3,1,4,3,52,3,2,2,3,1,1,56.333333333333336
1,4,9,2,3,2697,1,3,1,3,1,2,1,32,3,2,1,3,2,1,299.6666666666667
1,4,9,2,0,2507,3,5,2,3,1,4,4,51,3,3,1,2,1,1,278.55555555555554
1,4,15,3,3,1478,1,3,4,4,1,3,1,33,1,2,2,3,1,1,98.53333333333333
1,4,12,4,6,3565,5,2,2,3,1,1,2,37,3,2,2,2,2,1,297.0833333333333
1,4,15,2,2,2221,3,3,2,2,1,4,3,20,3,1,1,3,1,1,148.06666666666666
1,4,6,4,3,1898,5,3,1,3,1,2,1,34,3,2,2,2,2,1,316.3333333333333
1,2,6,3,9,1449,2,5,1,1,1,2,3,31,1,2,2,3,2,1,241.5
1,4,15,3,2,960,99,4,3,2,1,2,2,30,3,2,2,3,1,1,64.0
1,4,36,2,1,8133,1,3,1,2,1,2,2,30,1,2,1,3,1,1,225.91666666666666
1,4,9,2,2,2301,2,2,2,2,1,4,2,22,3,1,1,3,1,1,255.66666666666666
1,4,6,3,9,1743,2,3,1,3,1,2,1,34,3,2,2,2,1,1,290.5
1,2,12,2,2,983,99,2,1,2,1,4,1,19,3,1,1,2,1,1,81.91666666666667
1,4,18,3,3,2320,1,1,2,4,1,3,1,34,3,2,2,3,1,1,128.88888888888889
1,1,12,99,99,339,1,5,4,4,1,1,3,45,1,2,1,2,1,1,28.25
1,3,24,2,3,5152,1,4,4,3,1,2,3,25,1,2,1,3,1,1,214.66666666666666
1,3,24,2,2,3749,1,2,2,2,1,4,3,26,3,2,1,3,1,1,156.20833333333334
1,4,9,4,3,3074,5,3,1,3,1,2,1,33,3,2,2,3,2,1,341.55555555555554
0,3,9,2,3,745,1,3,3,2,1,2,1,28,3,2,1,2,1,1,82.77777777777777
1,4,24,2,0,1469,2,5,4,4,1,4,1,41,3,1,1,2,1,1,61.208333333333336
1,1,6,2,2,1374,1,3,1,3,1,2,1,36,1,2,1,2,1,2,229.0
1,4,6,99,0,783,5,3,1,3,3,2,1,26,99,2,1,2,2,1,130.5
1,1,21,2,3,2606,1,2,4,2,1,4,2,28,3,1,1,4,1,2,124.0952380952381
1,4,54,99,1,9436,5,3,2,3,1,2,2,39,3,2,1,2,2,1,174.74074074074073
1,4,12,4,3,930,5,5,4,3,1,4,1,65,3,2,4,3,1,1,77.5
1,4,48,4,1,2751,5,5,4,3,1,3,3,38,3,2,2,3,2,2,57.3125
1,4,6,4,0,250,99,3,2,2,1,2,1,41,1,2,2,2,1,1,41.666666666666664
1,2,24,2,0,1201,1,2,4,3,1,1,2,26,3,2,1,3,1,1,50.041666666666664
1,1,6,2,0,662,1,2,3,3,1,4,1,41,3,2,1,2,2,2,110.33333333333333
1,4,15,2,1,1300,5,5,4,3,1,4,4,45,1,3,1,3,2,1,86.66666666666667
1,4,24,99,9,1559,1,4,4,3,1,4,3,40,1,2,1,3,1,2,64.95833333333333
1,3,12,2,3,3016,1,3,3,4,1,1,3,24,3,2,1,3,1,1,251.33333333333334
1,4,15,4,3,1360,1,3,4,3,1,2,2,31,3,2,2,3,1,1,90.66666666666667
1,4,6,99,0,1204,2,3,4,3,1,1,4,35,1,1,1,3,1,1,200.66666666666666
1,4,10,2,0,1597,3,3,3,3,1,2,4,40,3,1,1,2,2,1,159.7
1,4,12,2,3,2073,2,3,4,2,2,2,1,28,3,2,1,3,1,1,172.75
1,4,11,2,9,2142,99,5,1,1,1,2,1,28,3,2,1,3,1,2,194.72727272727272
1,1,10,4,2,2132,5,2,2,2,2,3,1,27,3,1,2,3,1,1,213.2
1,4,10,2,0,1546,1,3,3,3,1,2,1,31,3,2,1,2,2,1,154.6
1,4,24,4,0,1287,99,5,4,2,1,4,1,37,3,2,2,3,1,2,53.625
1,4,10,2,0,1418,2,3,3,3,1,2,1,35,3,1,1,2,1,1,141.8
1,3,6,4,0,1343,1,5,1,3,1,4,1,46,3,2,2,3,2,1,223.83333333333334
1,4,18,2,0,2662,5,4,4,3,1,3,2,32,3,2,1,3,1,1,147.88888888888889
1,4,18,4,3,6070,1,5,3,3,1,4,3,33,3,2,2,3,1,2,337.22222222222223
1,4,24,4,6,1927,5,3,3,2,1,2,3,33,3,2,2,3,1,2,80.29166666666667
1,4,18,4,3,2404,1,3,2,2,1,2,3,26,3,2,2,3,1,1,133.55555555555554
1,4,6,4,3,1554,1,4,1,2,1,2,3,24,3,1,2,3,1,2,259.0
1,4,22,2,0,1283,5,4,4,2,1,4,2,25,3,1,1,3,1,1,58.31818181818182
1,4,24,3,0,717,5,5,4,4,1,4,3,54,3,2,2,3,1,2,29.875
1,1,24,2,2,1747,1,2,4,3,2,1,2,24,3,2,1,2,1,1,72.79166666666667
1,1,9,4,99,1288,2,5,3,3,3,4,1,48,3,2,2,3,2,1,143.11111111111111
1,1,10,4,0,1038,1,4,4,3,2,3,2,49,3,2,2,3,1,2,103.8
1,4,10,2,1,2848,2,3,1,3,2,2,1,32,3,2,1,3,2,1,284.8
1,4,12,2,1,1413,99,4,3,3,1,2,2,55,3,2,1,3,1,1,117.75
1,4,30,4,3,3077,5,5,3,3,1,2,3,40,3,2,2,3,2,2,102.56666666666666
1,1,24,99,1,3632,1,3,1,2,3,4,3,22,1,1,1,3,1,1,151.33333333333334
1,4,18,4,1,3229,5,1,2,3,1,4,4,38,3,2,1,4,1,2,179.38888888888889
1,4,9,2,0,3577,2,3,1,3,3,2,1,26,3,1,1,3,2,1,397.44444444444446
1,4,12,4,0,682,2,4,4,2,1,3,3,51,3,2,2,3,1,2,56.833333333333336
1,4,10,2,3,1924,1,3,1,3,1,4,2,38,3,2,1,3,1,2,192.4
1,4,10,2,6,727,3,5,4,3,1,4,4,46,3,3,1,3,1,2,72.7
1,3,10,4,0,781,1,5,4,3,1,4,4,63,3,3,2,3,1,2,78.1
1,1,12,4,0,2121,1,3,4,3,1,2,2,30,3,2,2,3,1,1,176.75
1,4,12,4,6,701,1,3,4,3,1,2,3,32,3,2,2,3,1,1,58.416666666666664
1,4,10,4,2,2069,5,3,2,4,1,1,3,26,3,2,2,3,1,1,206.9
1,4,24,2,0,1525,99,4,4,2,1,3,3,34,3,2,1,3,2,2,63.541666666666664
1,4,48,4,9,7629,5,5,4,1,1,2,3,46,1,2,2,4,2,1,158.9375
0,1,12,4,0,3499,1,3,3,2,2,2,1,29,3,2,2,3,1,1,291.5833333333333
1,4,6,2,3,1346,2,5,2,3,1,4,4,42,1,3,1,3,2,2,224.33333333333334
1,4,36,4,1,10477,5,5,2,3,1,4,4,42,3,3,2,3,1,1,291.02777777777777
1,1,24,2,1,2924,1,3,3,3,3,4,4,63,1,2,1,3,2,2,121.83333333333333
1,4,10,4,0,1231,1,5,3,3,1,4,1,32,3,2,2,2,2,1,123.1
1,3,18,2,0,1961,1,5,3,2,1,2,3,23,3,2,1,4,1,1,108.94444444444444
1,4,15,4,0,5045,5,5,1,2,1,4,3,59,3,2,1,3,1,2,336.3333333333333
1,4,12,4,0,1255,1,5,4,3,1,4,1,61,3,2,2,2,1,1,104.58333333333333
1,1,12,2,2,1858,1,2,4,2,1,1,3,22,3,1,1,3,1,1,154.83333333333334
1,4,6,4,2,1221,5,3,1,4,1,2,2,27,3,2,2,3,1,1,203.5
1,4,9,2,2,1388,1,3,4,2,1,2,1,26,3,1,1,3,1,1,154.22222222222223
1,4,12,2,3,2279,5,3,4,3,1,4,4,37,3,3,1,3,1,2,189.91666666666666
1,4,12,99,2,2759,1,5,2,3,1,4,2,34,3,2,2,3,1,1,229.91666666666666
1,3,24,2,3,1258,3,3,3,2,1,3,3,57,3,2,1,2,1,1,52.416666666666664
1,2,12,99,99,1410,1,3,2,3,1,2,1,31,3,2,1,2,1,2,117.5
1,1,15,2,0,1403,1,3,2,2,1,4,3,28,3,1,1,3,1,1,93.53333333333333
1,1,24,2,2,3021,1,3,2,1,1,2,1,24,3,1,1,2,1,1,125.875
1,1,24,2,9,6568,1,3,2,4,1,2,3,21,99,2,1,2,1,1,273.6666666666667
1,4,24,4,3,2578,99,5,2,3,1,2,3,34,3,2,1,3,1,1,107.41666666666667
1,2,24,4,1,7758,99,5,2,2,1,4,4,29,3,1,1,3,1,1,323.25
1,1,6,2,99,343,1,2,4,2,1,1,1,27,3,2,1,3,1,1,57.166666666666664
1,4,21,3,2,1591,2,4,4,3,1,3,1,34,3,2,2,4,1,1,75.76190476190476
1,1,27,2,3,3416,1,3,3,3,1,2,3,27,3,2,1,4,1,1,126.51851851851852
0,1,12,99,99,1108,1,4,4,3,1,3,1,28,3,2,2,3,1,1,92.33333333333333
1,2,27,3,1,5965,1,5,1,3,1,2,3,30,3,2,2,4,1,2,220.92592592592592
1,2,15,2,99,1514,2,3,4,3,3,2,1,22,3,2,1,3,1,1,100.93333333333334
1,4,30,4,3,6742,5,4,2,3,1,3,2,36,3,2,2,3,1,1,224.73333333333332
1,1,18,2,2,3650,1,2,1,2,1,4,3,22,3,1,1,3,1,1,202.77777777777777
1,1,21,2,2,3599,1,4,1,2,1,4,3,26,3,1,1,2,1,1,171.38095238095238
1,4,60,4,0,13756,5,5,2,3,1,4,4,63,1,3,1,4,1,2,229.26666666666668
1,2,9,2,0,276,1,3,4,4,1,4,1,22,3,1,1,2,1,1,30.666666666666668
1,4,42,4,2,4041,3,3,4,3,1,4,1,36,3,2,2,3,1,2,96.21428571428571
1,2,9,2,3,458,1,3,4,3,1,3,1,24,3,2,1,3,1,1,50.888888888888886
0,2,9,2,2,918,1,3,4,2,1,1,2,30,3,2,1,3,1,1,102.0
1,4,24,2,0,7393,1,3,1,3,1,4,2,43,3,2,1,2,2,1,308.0416666666667
1,3,10,2,99,1225,1,3,2,3,1,2,3,37,3,2,1,3,1,2,122.5
1,1,24,2,1,2812,5,5,2,2,1,4,1,26,3,1,1,3,1,1,117.16666666666667
1,4,15,2,1,3029,1,4,2,3,1,2,3,33,3,2,1,3,1,1,201.93333333333334
1,3,12,4,0,1480,3,1,2,3,1,4,4,66,1,3,3,99,1,1,123.33333333333333
1,3,6,4,6,1047,1,3,2,2,1,4,2,50,3,2,1,2,1,1,174.5
1,4,15,4,3,1471,1,3,4,3,1,4,4,35,3,3,2,3,1,2,98.06666666666666
1,4,24,2,2,5511,2,3,4,3,1,1,3,25,99,2,1,3,1,1,229.625
1,2,9,2,3,1206,1,5,4,2,1,4,1,25,3,2,1,3,1,1,134.0
1,2,24,3,3,6403,1,2,1,3,1,2,3,33,3,2,1,3,1,1,266.7916666666667
1,4,12,2,3,707,1,3,4,3,1,2,1,30,1,2,2,3,1,1,58.916666666666664
1,4,12,3,1,1503,1,3,4,4,1,4,1,41,3,1,1,3,1,1,125.25
1,2,12,2,0,6078,1,4,2,3,1,2,3,32,3,2,1,3,1,1,506.5
1,2,27,2,9,2528,1,2,4,2,1,1,2,32,3,2,1,3,2,2,93.62962962962963
1,2,12,2,9,1037,2,4,3,3,1,4,1,39,3,2,1,2,1,1,86.41666666666667
1,1,6,2,1,1352,3,1,1,2,1,2,2,23,3,1,1,99,1,2,225.33333333333334
1,4,24,2,3,3181,1,2,4,2,1,4,2,26,3,2,1,3,1,2,132.54166666666666
1,4,18,2,3,4594,1,2,3,3,1,2,3,32,3,2,1,3,1,2,255.22222222222223
1,2,48,2,99,5381,5,1,3,3,1,4,4,40,1,3,1,99,1,2,112.10416666666667
1,4,15,2,1,4657,1,3,3,3,1,2,3,30,3,2,1,3,1,2,310.46666666666664
1,2,9,2,9,1391,1,3,2,4,1,1,1,27,1,2,1,3,1,2,154.55555555555554
1,2,18,2,9,1913,99,2,3,4,1,3,1,36,1,2,1,3,1,2,106.27777777777777
1,4,42,2,3,7166,5,4,2,4,1,4,2,29,3,1,1,3,1,2,170.61904761904762
1,4,13,2,3,1409,2,1,2,2,1,4,1,64,3,2,1,3,1,1,108.38461538461539
1,4,24,3,9,2978,5,3,4,3,1,4,1,32,3,2,2,3,2,2,124.08333333333333
1,4,12,4,3,976,5,5,4,3,1,4,3,35,3,2,2,3,1,1,81.33333333333333
1,4,24,3,9,2375,3,3,4,3,1,2,3,44,3,2,2,3,2,2,98.95833333333333
1,4,12,4,3,522,3,5,4,3,1,4,2,42,3,2,2,3,2,2,43.5
1,4,28,4,3,2743,1,5,4,3,1,2,3,29,3,2,2,3,1,1,97.96428571428571
1,4,11,4,3,1154,2,1,4,2,1,4,1,57,3,2,3,2,1,1,104.9090909090909
1,4,24,4,1,5804,99,3,4,3,1,2,1,27,3,2,2,3,1,1,241.83333333333334
1,4,18,4,3,1169,5,3,4,3,1,3,2,29,3,2,2,3,1,2,64.94444444444444
1,1,15,4,2,1478,1,5,4,3,1,4,3,44,3,2,2,3,2,2,98.53333333333333
1,4,12,2,3,776,1,3,4,4,1,2,1,28,3,2,1,3,1,1,64.66666666666667
1,2,11,4,0,1322,99,3,4,2,1,4,3,40,3,2,2,3,1,1,120.18181818181819
1,2,16,4,0,1175,1,1,2,3,1,3,3,68,3,3,3,99,1,2,73.4375
1,4,12,2,0,2133,5,5,4,2,1,4,4,52,3,3,1,4,1,2,177.75
1,4,15,4,3,1829,1,5,4,3,1,4,3,46,3,2,2,3,1,2,121.93333333333334
1,4,12,4,3,717,1,5,4,3,1,4,1,52,3,2,3,3,1,1,59.75
1,2,39,3,6,11760,2,4,2,3,1,3,4,32,3,1,1,3,1,2,301.53846153846155
0,2,9,4,6,1501,1,5,2,2,1,3,3,34,3,2,2,4,1,2,166.77777777777777
1,1,12,2,6,1200,5,3,4,2,1,4,2,23,1,1,1,3,1,2,100.0
1,2,9,2,0,3195,5,3,1,2,1,2,1,33,3,2,1,2,1,1,355.0
1,4,30,4,3,4530,1,4,4,2,1,4,3,26,3,1,1,4,1,2,151.0
0,4,12,3,99,1555,99,5,4,3,1,4,4,55,3,3,2,3,2,1,129.58333333333334
1,2,15,4,9,2326,3,3,2,3,1,4,3,27,1,2,1,3,1,1,155.06666666666666
1,2,18,4,9,1887,5,3,4,4,1,4,1,28,1,2,2,3,1,1,104.83333333333333
1,4,12,4,9,1264,5,5,4,3,1,4,4,57,3,1,1,2,1,1,105.33333333333333
1,4,7,3,3,846,5,5,3,3,1,4,4,36,3,3,1,3,1,1,120.85714285714286
1,4,15,4,6,1532,2,3,4,2,1,3,3,31,3,2,1,3,1,1,102.13333333333334
1,4,6,3,3,935,1,3,3,2,1,2,1,24,3,2,1,3,1,1,155.83333333333334
1,1,27,4,9,2442,1,5,4,3,1,4,3,43,99,2,4,4,2,2,90.44444444444444
1,2,18,4,9,3590,1,1,3,4,1,3,3,40,3,2,3,99,2,2,199.44444444444446
1,4,21,4,2,2288,1,2,4,2,1,4,2,23,3,2,1,3,1,2,108.95238095238095
1,4,27,3,9,5117,1,4,3,3,1,4,3,26,3,2,2,3,1,1,189.5185185185185
1,1,39,4,2,14179,5,4,4,3,1,4,2,30,3,2,2,4,1,2,363.56410256410254
1,4,15,2,3,1386,5,3,4,4,1,2,1,40,3,1,1,3,1,2,92.4
1,4,12,4,3,618,1,5,4,3,1,4,1,56,3,2,1,3,1,1,51.5
1,4,12,2,2,1574,1,3,4,3,1,2,1,50,3,2,1,3,1,1,131.16666666666666
1,4,6,4,3,700,5,5,4,3,1,4,4,36,3,3,2,3,1,1,116.66666666666667
1,4,12,2,3,886,5,3,4,2,1,2,3,21,3,2,1,3,1,1,73.83333333333333
1,4,36,2,1,4686,1,3,2,3,1,2,4,32,3,3,1,4,1,2,130.16666666666666
1,2,9,2,3,790,3,3,4,2,1,3,1,66,3,2,1,2,1,1,87.77777777777777
0,2,12,2,3,766,3,3,4,3,1,3,1,66,3,2,1,2,1,1,63.833333333333336
1,1,20,2,2,2212,5,4,4,3,1,4,3,39,3,2,1,3,1,2,110.6
1,2,10,2,0,7308,1,1,2,3,1,4,4,70,1,3,1,4,1,2,730.8
1,2,24,4,6,5743,1,2,2,2,1,4,4,24,3,3,2,3,1,2,239.29166666666666
1,1,14,2,0,3973,1,1,1,3,1,4,4,22,3,3,1,3,1,1,283.7857142857143
1,2,60,3,3,7418,5,3,1,3,1,1,1,27,3,2,1,2,1,1,123.63333333333334
1,2,20,3,99,2629,1,3,2,3,1,3,3,29,1,2,2,3,1,2,131.45
1,2,18,2,9,1941,99,3,4,3,1,2,2,35,3,2,1,2,1,2,107.83333333333333
1,2,24,3,2,2333,5,2,4,3,1,2,2,29,1,2,1,2,1,1,97.20833333333333
1,4,12,2,1,2445,5,2,2,4,1,4,3,26,3,1,1,3,1,2,203.75
1,2,20,2,1,6468,5,1,1,1,1,4,1,60,3,2,1,4,1,2,323.4
1,2,18,4,2,7374,1,1,4,3,1,4,2,40,99,2,2,4,1,2,409.6666666666667
1,4,15,2,1,3812,2,2,1,2,1,4,3,23,3,2,1,3,1,2,254.13333333333333
0,1,28,2,0,4006,1,3,3,3,1,2,3,45,3,2,1,2,1,1,143.07142857142858
1,2,12,2,0,7472,5,1,1,2,1,2,1,24,3,1,1,99,1,1,622.6666666666666
1,3,12,2,2,1424,5,5,3,2,1,4,1,55,3,2,1,4,1,2,118.66666666666667
1,2,12,2,1,2028,5,3,4,3,1,2,3,30,3,2,1,3,1,1,169.0
1,4,15,2,0,5324,3,5,1,2,1,4,4,35,3,3,1,3,1,1,354.93333333333334
1,2,36,2,3,2323,1,4,4,3,1,4,3,24,3,1,1,3,1,1,64.52777777777777
1,4,12,2,6,1393,1,5,4,3,1,4,2,47,1,2,3,3,2,2,116.08333333333333
1,4,18,2,2,1984,1,3,4,3,1,4,4,47,1,3,2,3,1,1,110.22222222222223
1,4,24,2,3,999,5,5,4,3,1,2,3,25,3,2,2,3,1,1,41.625
1,4,36,2,9,7409,5,5,3,3,1,2,2,37,3,2,2,3,1,1,205.80555555555554
1,4,15,2,2,2186,5,4,1,2,1,4,1,33,1,1,1,2,1,1,145.73333333333332
1,3,36,2,3,4473,1,5,4,3,1,2,3,31,3,2,1,3,1,1,124.25
1,4,24,2,99,937,1,2,4,4,1,3,3,27,3,2,2,2,1,1,39.041666666666664
1,4,18,2,2,3422,1,5,4,3,1,4,2,47,1,2,3,3,2,2,190.11111111111111
1,4,24,2,3,3105,5,2,4,3,1,2,3,25,3,2,2,3,1,1,129.375
1,4,12,4,6,2748,1,5,2,2,1,4,4,57,1,3,3,2,1,1,229.0
1,2,18,2,99,3872,1,1,2,2,1,4,3,67,3,2,1,3,1,2,215.11111111111111
1,4,27,2,99,5190,5,5,4,3,1,4,2,48,3,2,4,3,2,2,192.22222222222223
1,2,18,2,2,3001,1,4,2,2,1,4,1,40,3,1,1,3,1,1,166.72222222222223
1,4,24,3,9,3863,1,3,1,3,1,2,4,32,3,3,1,3,1,1,160.95833333333334
1,4,12,4,2,5801,5,5,2,3,1,4,2,49,3,1,1,3,1,2,483.4166666666667
1,4,12,4,2,1592,99,4,3,2,1,2,2,35,3,2,1,3,1,1,132.66666666666666
1,4,12,4,9,1185,1,3,3,2,1,2,1,27,3,2,2,3,1,1,98.75
1,4,18,4,2,3780,1,2,3,1,1,2,3,35,3,2,2,4,1,2,210.0
1,2,18,4,2,3612,1,5,3,2,1,4,2,37,3,2,1,3,1,2,200.66666666666666
1,4,12,2,9,1076,1,3,2,4,1,2,1,26,3,2,1,3,1,2,89.66666666666667
1,4,12,2,0,3527,5,2,2,3,1,3,2,45,3,2,1,4,2,2,293.9166666666667
1,4,18,2,3,2051,1,2,4,3,1,1,1,33,3,2,1,3,1,1,113.94444444444444
1,4,12,4,2,3331,1,5,2,3,1,4,2,42,99,2,1,3,1,1,277.5833333333333
1,1,18,99,9,3104,1,4,3,3,1,1,2,31,1,2,1,3,1,2,172.44444444444446
1,4,24,4,3,2611,1,5,4,4,2,3,1,46,3,2,2,3,1,1,108.79166666666667
1,1,12,4,1,1409,1,5,4,3,1,3,1,54,3,2,1,3,1,1,117.41666666666667
1,4,24,2,3,1311,2,4,4,4,1,3,2,26,3,2,1,3,1,2,54.625
1,4,6,2,3,2108,1,4,2,4,1,2,1,29,3,1,1,3,1,1,351.3333333333333
1,4,24,4,1,4042,5,4,3,3,1,4,2,43,3,2,2,3,1,2,168.41666666666666
1,4,12,4,0,926,1,1,1,2,1,2,2,38,3,2,1,99,1,1,77.16666666666667
1,1,12,2,3,1680,3,5,3,4,1,1,1,35,3,2,1,3,1,1,140.0
1,4,24,2,0,1249,1,2,4,4,1,2,1,28,3,2,1,3,1,1,52.041666666666664
1,4,24,4,0,2463,2,4,4,4,1,3,2,27,3,2,2,3,1,2,102.625
1,4,6,2,3,1595,1,4,3,3,1,2,2,51,3,2,1,3,2,1,265.8333333333333
1,4,24,4,99,2058,1,3,4,1,1,2,1,33,3,2,2,3,1,2,85.75
1,4,24,2,1,7814,1,4,3,3,1,3,3,38,3,2,1,4,1,2,325.5833333333333
1,4,6,4,3,1740,1,5,2,4,1,2,1,30,3,1,2,3,1,1,290.0
1,4,12,4,3,1240,5,5,4,2,1,2,1,38,3,2,2,3,1,2,103.33333333333333
1,4,24,4,1,6842,5,3,2,3,1,4,2,46,3,2,2,4,2,2,285.0833333333333
1,4,24,4,2,5150,1,5,4,3,1,4,3,33,3,2,1,3,1,2,214.58333333333334
1,1,6,2,0,1203,2,5,3,3,1,2,2,43,3,2,1,3,1,2,200.5
1,4,6,4,0,2080,3,3,1,4,1,2,3,24,3,2,1,3,1,1,346.6666666666667
1,4,6,2,6,1538,1,2,1,2,1,2,4,56,3,2,1,3,1,1,256.3333333333333
1,2,24,4,0,3878,2,2,4,1,1,2,3,37,3,2,1,3,1,2,161.58333333333334
1,2,30,2,2,3832,1,2,2,4,1,1,2,22,3,2,1,3,1,1,127.73333333333333
1,4,15,2,0,3186,99,4,2,2,1,3,3,20,3,1,1,3,1,1,212.4
1,2,24,2,3,2896,2,2,2,3,1,1,3,29,3,2,1,3,1,1,120.66666666666667
1,2,24,3,9,6967,2,4,4,3,1,4,3,36,3,1,1,4,1,2,290.2916666666667
0,4,36,2,6,1819,1,3,4,3,1,4,4,37,99,3,1,3,1,2,50.52777777777778
0,4,24,2,3,5943,5,2,1,2,1,1,3,44,3,2,2,3,1,2,247.625
0,4,36,4,2,7127,1,2,2,2,1,4,2,23,3,1,2,3,1,2,197.97222222222223
0,4,36,2,2,3349,1,3,4,2,1,2,3,28,3,2,1,4,1,2,93.02777777777777
0,4,36,2,2,10974,1,1,4,2,1,2,3,26,3,2,2,4,1,2,304.8333333333333
1,4,6,2,3,518,1,3,3,2,1,1,1,29,3,2,1,3,1,1,86.33333333333333
1,4,18,2,3,1126,5,2,4,2,1,2,1,21,3,1,1,3,1,2,62.55555555555556
1,2,12,4,1,1860,1,1,4,3,1,2,3,34,3,2,2,4,1,2,155.0
1,4,36,4,3,9566,1,3,2,2,1,2,3,31,99,2,2,3,1,1,265.72222222222223
1,1,12,2,3,701,1,3,4,4,1,2,1,40,3,2,1,2,1,1,58.416666666666664
1,2,12,2,3,2930,1,4,2,2,1,1,1,27,3,2,1,3,1,1,244.16666666666666
1,4,18,2,3,1505,1,3,4,3,1,2,4,32,3,3,1,4,1,2,83.61111111111111
1,4,18,4,3,2238,1,3,2,2,1,1,3,25,3,2,2,3,1,1,124.33333333333333
1,4,4,4,3,1503,1,4,2,3,1,1,1,42,3,2,2,2,2,1,375.75
1,4,24,4,1,2197,5,4,4,3,1,4,3,43,3,2,2,3,2,2,91.54166666666667
1,3,12,2,3,1881,1,3,2,2,1,2,3,44,3,1,1,2,1,2,156.75
1,1,18,4,3,1880,1,4,4,4,1,1,2,32,3,2,2,4,1,2,104.44444444444444
1,1,18,2,3,2389,1,2,4,2,1,1,3,27,99,2,1,3,1,1,132.72222222222223
1,2,24,2,3,1967,1,5,4,2,1,4,3,20,3,2,1,3,1,2,81.95833333333333
1,4,4,4,0,3380,1,4,1,2,1,1,1,37,3,2,1,3,2,1,845.0
1,4,4,4,0,1455,1,4,2,3,1,1,1,42,3,2,3,2,2,1,363.75
1,4,7,4,3,730,5,5,4,3,1,2,2,46,3,1,2,2,1,2,104.28571428571429
1,2,18,99,2,3244,1,3,1,2,1,4,3,33,1,2,2,3,1,2,180.22222222222223
0,2,9,2,3,1670,1,2,4,2,1,2,3,22,3,2,1,3,1,2,185.55555555555554
1,2,48,2,3,3979,5,4,4,3,1,1,3,41,3,2,2,3,2,2,82.89583333333333
0,2,12,2,2,1922,1,3,4,3,1,2,2,37,3,2,1,2,1,1,160.16666666666666
1,2,18,4,2,1295,1,2,4,2,1,1,2,27,3,2,2,3,1,1,71.94444444444444
1,4,4,4,3,1544,1,4,2,3,1,1,1,42,3,2,3,2,2,1,386.0
1,2,8,2,9,907,1,2,3,4,1,2,1,26,3,2,1,3,1,2,113.375
1,2,30,2,3,1715,5,3,4,2,1,1,3,26,3,2,1,3,1,1,57.166666666666664
1,3,10,4,3,1347,5,4,4,3,1,2,2,27,3,2,2,3,1,2,134.7
1,2,12,2,0,1007,99,3,4,4,1,1,1,22,3,2,1,3,1,1,83.91666666666667
1,4,12,4,2,1402,3,4,3,2,1,4,3,37,3,1,1,3,1,2,116.83333333333333
1,2,12,2,0,2002,1,4,3,3,1,4,2,30,3,1,1,3,2,2,166.83333333333334
1,4,12,4,6,2096,1,4,2,3,1,3,1,49,3,2,1,2,2,1,174.66666666666666
1,4,12,2,0,1101,1,3,3,4,1,2,1,27,3,2,2,3,1,2,91.75
1,4,10,2,99,894,5,4,4,2,1,3,2,40,3,2,1,3,1,2,89.4
1,2,11,2,2,1577,99,2,4,2,1,1,1,20,3,2,1,3,1,1,143.36363636363637
1,4,33,3,9,2764,1,3,2,2,1,2,3,26,3,2,2,3,1,2,83.75757575757575
1,2,48,99,0,8358,3,2,1,2,1,1,3,30,3,2,2,3,1,1,174.125
1,3,12,2,2,1474,1,2,4,2,1,1,2,33,1,2,1,4,1,2,122.83333333333333
1,4,24,2,1,5433,5,1,2,2,1,4,2,26,3,1,1,4,1,2,226.375
1,2,14,2,9,1410,3,5,1,4,1,2,1,35,3,2,1,3,1,2,100.71428571428571
1,4,20,4,0,3485,5,2,2,1,1,4,1,44,3,2,2,3,1,2,174.25
1,4,18,4,1,3850,1,4,3,3,1,1,3,27,3,2,2,3,1,1,213.88888888888889
0,2,60,2,0,7408,2,2,4,2,1,2,2,24,3,2,1,4,1,1,123.46666666666667
1,3,24,2,3,1377,2,5,4,2,1,2,4,47,3,3,1,3,1,2,57.375
1,4,30,3,9,4272,2,3,2,3,1,2,2,26,3,2,2,2,1,1,142.4
1,2,24,3,3,1553,2,4,3,2,1,2,2,23,3,1,2,3,1,2,64.70833333333333
1,2,36,3,9,9857,2,4,1,3,1,3,2,31,3,2,2,2,2,2,273.80555555555554
1,4,6,4,0,362,2,3,4,2,1,4,3,52,3,2,2,2,1,1,60.333333333333336
1,4,12,4,2,1935,1,5,4,3,1,4,1,43,3,2,3,3,1,2,161.25
1,4,48,2,3,10222,5,4,4,3,1,3,3,37,99,2,1,3,1,2,212.95833333333334
1,3,12,2,0,1330,1,2,4,3,1,1,1,26,3,2,1,3,1,1,110.83333333333333
1,4,36,2,6,9055,5,3,2,3,1,4,4,35,3,3,1,2,2,2,251.52777777777777
1,2,26,2,1,7966,1,2,2,3,1,3,3,30,3,2,2,3,1,1,306.38461538461536
1,2,30,99,2,3496,99,3,4,3,1,2,3,34,99,2,1,3,2,2,116.53333333333333
1,2,36,2,1,6948,1,3,2,3,1,2,3,35,3,1,1,4,1,2,193.0
1,2,48,99,9,12204,5,3,2,3,1,2,3,48,1,2,1,4,1,2,254.25
0,1,36,2,2,3446,1,5,4,3,1,2,3,42,3,2,1,3,2,1,95.72222222222223
0,1,12,2,6,684,1,3,4,3,1,4,3,40,3,1,1,2,2,1,57.0
0,1,33,4,2,4281,3,3,1,2,1,4,3,23,3,2,2,3,1,1,129.72727272727272
0,1,42,2,3,7174,5,4,4,2,1,3,3,30,3,2,1,4,1,2,170.8095238095238
0,1,24,99,3,1546,1,4,4,3,3,4,3,24,1,1,1,2,1,1,64.41666666666667
0,1,24,2,2,2359,2,1,1,1,1,1,2,33,3,2,1,3,1,1,98.29166666666667
0,4,24,2,3,3621,2,5,2,3,1,4,3,31,3,2,2,3,1,1,150.875
0,1,12,2,99,741,2,1,4,2,1,3,2,22,3,2,1,3,1,1,61.75
0,1,12,2,2,7865,1,5,4,3,1,4,4,53,3,3,1,4,1,2,655.4166666666666
1,1,24,2,1,2910,1,4,2,3,1,1,4,34,3,3,1,4,1,2,121.25
1,1,18,4,0,5302,1,5,2,3,1,4,4,36,3,3,3,4,1,2,294.55555555555554
1,1,36,2,2,3620,1,3,1,3,3,2,2,37,3,2,1,3,2,1,100.55555555555556
1,1,18,2,3,3509,1,4,4,2,3,1,1,25,3,2,1,3,1,1,194.94444444444446
1,2,12,2,2,3017,1,2,3,2,1,1,1,34,3,1,1,4,1,1,251.41666666666666
1,1,12,2,2,1657,1,3,2,3,1,2,1,27,3,2,1,3,1,1,138.08333333333334
1,1,8,4,99,1164,1,5,3,3,1,4,4,51,1,3,2,4,2,2,145.5
0,1,36,4,2,6229,1,2,4,2,2,4,4,23,3,1,2,2,1,2,173.02777777777777
0,1,24,99,0,1193,1,1,1,2,2,4,4,29,3,1,2,99,1,1,49.708333333333336
1,1,30,99,2,4583,1,3,2,1,3,2,1,32,3,2,2,3,1,1,152.76666666666668
1,1,36,4,2,5371,1,3,3,3,3,2,2,28,3,2,2,3,1,1,149.19444444444446
1,1,12,2,2,708,1,3,2,3,3,3,2,38,3,2,1,2,2,1,59.0
1,1,21,4,0,571,1,5,4,3,1,4,1,65,3,2,2,3,1,1,27.19047619047619
1,1,30,2,3,2522,1,5,1,3,3,3,2,39,3,2,1,3,2,1,84.06666666666666
0,1,36,2,2,5179,1,4,4,3,1,2,2,29,3,2,1,3,1,1,143.86111111111111
0,1,36,2,1,8229,1,3,2,3,1,2,2,26,3,2,1,3,2,1,228.58333333333334
1,4,24,4,2,2028,1,4,2,3,1,2,2,30,3,2,2,2,1,1,84.5
1,1,6,2,0,1374,5,1,4,2,1,3,2,75,3,2,1,4,1,2,229.0
1,1,12,2,2,1289,1,3,4,3,3,1,2,21,3,2,1,2,1,1,107.41666666666667
0,1,36,2,2,2712,1,5,2,3,1,2,2,41,1,2,1,3,2,1,75.33333333333333
1,1,15,4,2,975,1,3,2,1,1,3,2,25,3,2,2,3,1,1,65.0
1,2,6,3,2,1050,1,1,4,3,1,1,2,35,99,2,2,4,1,2,175.0
1,1,6,4,0,609,1,4,4,2,1,3,2,37,3,2,2,3,1,1,101.5
1,1,48,2,1,4788,1,4,4,3,1,3,2,26,3,2,1,3,2,1,99.75
1,2,24,2,2,3069,2,5,4,3,1,4,4,30,3,3,1,3,1,1,127.875
0,2,12,2,0,836,2,2,4,2,1,2,2,23,1,2,1,2,1,1,69.66666666666667
1,1,12,2,2,2577,1,3,2,1,1,1,3,42,3,2,1,3,1,1,214.75
1,1,12,2,2,1620,1,3,2,2,2,3,2,30,3,2,1,3,1,1,135.0
1,1,15,2,2,1845,1,2,4,2,3,1,2,46,3,1,1,3,1,1,123.0
1,1,24,2,1,6579,1,1,4,3,1,2,4,29,3,3,1,4,1,2,274.125
1,1,12,2,0,1893,1,3,4,2,3,4,2,29,3,2,1,3,1,2,157.75
1,1,30,4,1,10623,1,5,3,3,1,4,4,38,3,3,3,4,2,2,354.1
1,1,18,2,0,2249,2,4,4,3,1,3,3,30,3,2,1,4,2,2,124.94444444444444
0,1,30,2,2,3108,1,2,2,1,1,4,2,31,3,2,1,2,1,1,103.6
1,2,12,4,0,958,1,4,2,3,1,3,1,47,3,2,2,2,2,1,79.83333333333333
1,4,24,2,1,9277,5,3,2,1,1,4,4,48,3,3,1,3,1,2,386.5416666666667
1,4,24,4,99,6314,1,1,4,3,2,2,4,27,1,2,2,4,1,2,263.0833333333333
1,1,12,4,1,1526,1,5,4,3,1,4,4,66,3,3,2,4,1,1,127.16666666666667
1,1,12,2,2,3590,1,3,2,3,2,2,2,29,3,2,1,2,2,1,299.1666666666667
1,1,24,4,1,6615,1,1,2,3,1,4,4,75,3,3,2,4,1,2,275.625
1,1,6,4,2,1872,1,1,4,3,1,4,4,36,3,3,3,4,1,2,312.0
1,4,12,2,0,2859,5,1,4,3,1,4,4,38,3,2,1,4,1,2,238.25
1,4,18,4,3,1582,99,5,4,3,1,4,3,46,3,2,2,3,1,1,87.88888888888889
1,4,6,2,99,1238,5,1,4,3,1,4,2,36,3,2,1,4,2,2,206.33333333333334
1,1,12,2,2,2578,1,1,3,2,1,4,4,55,3,3,1,4,1,1,214.83333333333334
1,1,15,4,2,1433,1,3,4,2,1,3,2,25,3,1,2,3,1,1,95.53333333333333
1,1,42,2,2,7882,1,4,2,3,3,4,2,45,3,3,1,3,2,1,187.66666666666666
1,1,24,2,2,4169,1,3,4,3,1,4,2,28,3,2,1,3,1,1,173.70833333333334
1,1,36,2,2,3959,1,1,4,3,1,3,2,30,3,2,1,4,1,2,109.97222222222223
1,1,36,2,0,3249,1,4,2,3,1,4,4,39,1,3,1,4,2,2,90.25
1,1,24,2,2,3149,1,2,4,3,1,1,4,22,1,3,1,3,1,1,131.20833333333334
0,1,12,4,2,2246,1,5,3,3,1,3,2,60,3,2,2,3,1,1,187.16666666666666
1,1,13,4,9,1797,1,2,3,3,1,1,2,28,1,2,2,2,1,1,138.23076923076923
1,1,20,4,2,4272,1,5,1,2,1,4,2,24,3,2,2,3,1,1,213.6
1,1,24,4,1,2957,1,5,4,3,1,4,2,63,3,2,2,3,1,2,123.20833333333333
1,1,36,4,2,2348,1,3,3,4,1,2,2,46,3,2,2,3,1,2,65.22222222222223
1,3,42,99,9,6289,1,2,2,1,1,1,2,33,3,2,2,3,1,1,149.73809523809524
1,1,24,4,1,6419,1,5,2,2,1,4,4,44,3,3,2,4,2,2,267.4583333333333
0,1,48,4,1,6143,1,5,4,2,1,4,4,58,99,3,2,2,1,1,127.97916666666667
1,4,24,4,6,1597,1,5,4,3,1,4,4,54,3,3,2,3,2,1,66.54166666666667
1,1,36,2,99,15857,1,1,2,1,2,3,3,43,3,2,1,4,1,1,440.47222222222223
1,4,24,4,3,2223,2,5,4,3,1,4,2,52,1,2,2,3,1,1,92.625
1,4,48,3,3,7238,5,5,3,3,1,3,3,32,1,2,2,3,2,1,150.79166666666666
1,2,30,3,9,2503,2,5,4,3,1,2,2,41,99,2,2,3,1,1,83.43333333333334
1,2,18,2,9,2622,2,3,4,3,1,4,3,34,3,2,1,3,1,1,145.66666666666666
1,2,24,2,2,4351,5,3,1,2,1,4,2,48,3,2,1,2,1,2,181.29166666666666
1,2,6,2,3,368,5,5,4,3,1,4,2,38,3,2,1,3,1,1,61.333333333333336
1,2,12,2,99,754,5,5,4,3,1,4,2,38,3,2,2,3,1,1,62.833333333333336
1,4,24,4,3,2424,5,5,4,3,1,4,2,53,3,2,2,3,1,1,101.0
1,2,48,3,9,6681,5,3,4,3,1,4,4,38,3,3,1,3,2,2,139.1875
1,2,18,3,9,2427,5,5,4,3,1,2,2,42,3,2,2,3,1,1,134.83333333333334
0,2,24,4,3,1216,2,2,4,3,1,4,4,38,1,2,2,3,2,1,50.666666666666664
1,2,6,2,3,753,1,3,2,2,3,3,1,64,3,2,1,3,1,1,125.5
1,2,7,2,3,2576,1,3,2,3,3,2,1,35,3,2,1,3,1,1,368.0
1,2,6,2,3,590,1,2,3,4,1,3,1,26,3,2,1,2,1,1,98.33333333333333
1,2,8,2,3,1414,1,3,4,3,3,2,1,33,3,2,1,3,1,1,176.75
1,2,12,2,3,1103,1,4,4,3,3,3,1,29,3,2,2,3,1,1,91.91666666666667
1,2,12,3,3,585,1,3,4,4,2,4,1,20,3,1,2,3,1,1,48.75
1,2,6,2,3,1068,1,5,4,3,1,4,3,28,3,2,1,3,2,1,178.0
1,1,8,4,0,713,1,5,4,3,1,4,1,47,3,2,2,2,1,1,89.125
1,2,12,2,3,1092,1,3,4,2,3,4,1,49,3,2,2,3,1,2,91.0
1,2,7,2,3,2329,1,2,1,2,3,1,1,45,3,2,1,3,1,1,332.7142857142857
1,2,13,4,3,882,1,2,4,3,3,4,1,23,3,2,2,3,1,1,67.84615384615384
1,2,18,2,3,866,1,3,4,4,3,2,1,25,3,2,1,2,1,1,48.111111111111114
1,2,7,2,3,2415,1,3,3,3,3,2,1,34,3,2,1,3,1,1,345.0
1,2,13,2,3,2101,1,2,2,2,3,4,2,23,3,2,1,2,1,1,161.6153846153846
1,2,18,2,3,1301,1,5,4,4,3,2,1,32,3,2,1,2,1,1,72.27777777777777
1,2,18,2,3,1113,1,3,4,2,3,4,1,26,3,2,1,2,2,1,61.833333333333336
1,2,8,2,3,760,1,4,4,2,3,2,1,44,3,2,1,2,1,1,95.0
1,2,12,2,3,625,1,2,4,4,3,1,1,26,1,2,1,2,1,1,52.083333333333336
1,3,6,4,0,1323,2,5,2,1,1,4,3,28,3,2,2,3,2,2,220.5
1,1,9,4,3,1138,1,3,4,3,1,4,1,25,3,2,2,2,1,1,126.44444444444444
1,2,18,4,3,1795,1,5,3,2,3,4,1,48,1,1,2,2,1,2,99.72222222222223
1,2,15,4,3,2728,5,4,4,3,3,2,1,35,1,2,3,3,1,2,181.86666666666667
1,2,6,2,3,484,1,4,3,4,3,3,1,28,1,2,1,2,1,1,80.66666666666667
1,2,10,99,3,1048,1,3,4,3,1,4,1,23,99,2,1,2,1,1,104.8
1,2,12,2,3,1155,1,5,3,4,3,3,1,40,1,2,2,2,1,1,96.25
1,2,20,3,1,7057,5,4,3,3,1,4,2,36,1,1,2,4,2,2,352.85
1,2,15,4,3,1537,5,5,4,3,3,4,1,50,3,2,2,3,1,2,102.46666666666667
1,1,12,2,3,2214,1,3,4,3,1,3,2,24,3,2,1,2,1,1,184.5
1,4,24,4,2,1585,1,4,4,3,1,3,2,40,3,2,2,3,1,1,66.04166666666667
1,2,10,2,2,1521,1,3,4,1,1,2,3,31,3,2,1,2,1,1,152.1
1,2,36,99,99,3990,5,2,3,2,1,2,4,29,1,2,1,99,1,1,110.83333333333333
1,3,18,2,2,3049,1,2,1,2,1,1,2,45,99,2,1,2,1,1,169.38888888888889
0,1,24,2,3,1282,2,3,4,2,1,2,3,32,3,2,1,2,1,1,53.416666666666664
1,4,60,2,3,10144,2,4,2,2,1,4,1,21,3,2,1,3,1,2,169.06666666666666
1,1,12,2,0,1168,1,3,4,4,1,3,1,27,3,2,1,2,1,1,97.33333333333333
1,2,6,2,99,454,1,2,3,4,1,1,2,22,3,2,1,2,1,1,75.66666666666667
1,4,15,3,1,3594,1,2,1,2,1,2,2,46,3,2,2,2,1,1,239.6
1,4,12,2,2,1768,1,3,3,3,1,2,1,24,3,1,1,2,1,1,147.33333333333334
1,4,60,3,3,15653,1,4,2,3,1,4,3,21,3,2,2,3,1,2,260.8833333333333
1,3,12,3,0,2247,1,3,2,2,1,2,3,36,99,2,2,3,1,2,187.25
1,4,24,2,3,1413,1,3,4,4,1,2,2,28,3,2,1,3,1,1,58.875
1,2,45,4,1,4576,2,1,3,3,1,4,3,27,3,2,1,3,1,1,101.68888888888888
1,1,24,4,3,1231,99,5,4,2,1,4,2,57,3,1,2,4,1,2,51.291666666666664
0,1,36,2,1,8335,5,5,3,3,1,4,4,47,3,3,1,3,1,1,231.52777777777777
1,2,36,4,1,5800,1,3,3,3,1,4,3,34,3,2,2,3,1,2,161.11111111111111
1,1,18,3,6,8471,5,3,1,2,1,2,3,23,3,1,2,3,1,2,470.6111111111111
1,1,30,2,2,3622,99,5,4,2,1,4,2,57,3,1,2,3,1,2,120.73333333333333
1,1,6,4,3,1169,5,5,4,3,1,4,1,67,3,2,2,3,1,2,194.83333333333334
1,4,15,2,99,1262,3,4,4,3,1,3,2,36,3,2,2,3,1,2,84.13333333333334
1,3,24,4,2,3617,5,5,4,3,2,4,4,20,3,1,2,3,1,1,150.70833333333334
1,2,30,4,0,2181,5,5,4,3,1,4,1,36,3,2,2,3,1,1,72.7
0,1,48,99,9,7685,1,4,2,2,3,4,3,37,3,1,1,3,1,1,160.10416666666666
1,4,48,4,6,6110,1,3,1,3,1,3,4,31,1,3,1,3,1,2,127.29166666666667
1,4,24,2,0,3757,1,5,4,2,2,4,4,62,3,3,1,3,1,2,156.54166666666666
1,1,42,4,99,3394,1,1,4,3,2,4,3,65,3,2,2,99,1,1,80.80952380952381
1,4,36,4,9,6304,5,5,4,3,1,4,1,36,3,2,2,3,1,1,175.11111111111111
1,4,9,4,6,1244,5,5,4,2,1,4,2,41,3,1,2,2,1,1,138.22222222222223
1,4,6,2,0,3518,1,3,2,3,3,3,2,26,3,1,1,3,1,1,586.3333333333334
1,4,36,99,99,2613,1,3,4,3,1,2,3,27,3,2,2,3,1,1,72.58333333333333
1,1,48,2,6,7476,1,4,4,3,1,1,4,50,3,3,1,4,1,2,155.75
0,4,24,2,9,4591,99,3,2,3,1,3,2,54,3,2,3,4,1,2,191.29166666666666
0,2,18,2,2,1924,5,2,4,2,1,3,1,27,3,1,1,3,1,1,106.88888888888889
0,2,72,2,3,5595,2,3,2,4,1,2,3,24,3,2,1,3,1,1,77.70833333333333
0,2,48,3,6,6224,1,5,4,3,1,4,4,50,3,3,1,3,1,1,129.66666666666666
1,3,15,2,6,1905,1,5,4,3,1,4,3,40,3,1,1,4,1,2,127.0
1,4,21,3,1,2993,1,3,3,3,1,2,1,28,99,2,2,2,1,1,142.52380952380952
1,4,36,3,1,8947,5,4,3,3,1,2,3,31,99,2,1,4,2,2,248.52777777777777
1,1,24,2,2,4020,1,3,2,3,1,2,3,27,99,2,1,3,1,1,167.5
1,2,18,2,1,2779,1,3,1,4,1,3,3,21,3,1,1,3,1,2,154.38888888888889
1,4,21,2,0,2782,3,4,1,2,1,2,3,31,1,2,1,4,1,1,132.47619047619048
1,4,12,2,0,1884,1,5,4,3,1,4,3,39,3,2,1,4,1,2,157.0
1,4,36,4,1,11054,5,3,4,3,1,2,3,30,3,2,1,4,1,2,307.05555555555554
1,2,60,3,3,9157,5,3,2,3,1,2,4,27,3,3,1,4,1,1,152.61666666666667
1,2,42,99,1,9283,1,1,1,3,1,2,4,55,1,3,1,4,1,2,221.02380952380952
1,4,60,2,0,6527,5,3,4,3,1,4,4,34,3,3,1,3,2,2,108.78333333333333
1,4,15,4,1,3368,99,5,3,3,1,4,4,23,3,1,2,3,1,2,224.53333333333333
1,1,15,2,0,2511,1,1,1,2,1,4,3,23,3,1,1,3,1,1,167.4
1,1,36,2,1,5493,1,5,2,3,1,4,4,42,3,3,1,3,2,1,152.58333333333334
1,4,6,2,99,1338,3,3,1,1,1,4,1,62,3,2,1,3,1,1,223.0
1,2,9,2,3,1082,1,5,4,3,1,4,3,37,3,2,2,2,1,1,120.22222222222223
1,4,18,4,3,1149,99,3,4,3,1,3,1,46,3,2,2,3,1,1,63.833333333333336
1,2,15,2,99,1308,1,5,4,3,1,4,3,38,3,2,2,2,1,1,87.2
1,2,20,99,1,6148,2,5,3,4,1,4,3,31,1,2,2,3,1,2,307.4
1,4,12,2,2,1736,1,4,3,2,1,4,1,31,3,2,1,2,1,1,144.66666666666666
1,4,12,2,3,3059,99,4,2,1,1,4,1,61,3,2,1,2,1,1,254.91666666666666
0,1,24,2,2,2996,5,3,2,4,1,4,3,20,3,2,1,3,1,1,124.83333333333333
1,4,30,4,1,7596,5,5,1,3,1,4,3,63,3,2,2,3,1,1,253.2
1,4,30,2,1,4811,5,4,2,2,1,4,2,24,99,1,1,2,1,1,160.36666666666667
1,4,6,2,2,1766,1,3,1,4,1,2,2,21,3,1,1,3,1,1,294.3333333333333
1,2,24,2,1,2760,5,5,4,3,1,4,4,36,1,3,1,3,1,2,115.0
1,4,24,4,99,5507,1,5,3,3,1,4,4,44,3,3,2,3,1,1,229.45833333333334
1,2,9,2,6,1199,1,4,4,2,1,4,2,67,3,2,2,4,1,2,133.22222222222223
1,3,24,2,2,2892,1,5,3,1,1,4,4,51,3,3,1,3,1,1,120.5
1,2,36,3,0,2862,2,5,4,3,1,3,4,30,3,3,1,3,1,1,79.5
0,1,9,2,0,654,1,3,4,3,1,3,3,28,3,2,1,2,1,1,72.66666666666667
0,2,9,4,6,1136,99,5,4,3,1,3,4,32,3,3,2,3,2,1,126.22222222222223
0,2,24,2,1,4113,3,2,3,2,1,4,3,28,3,1,1,3,1,1,171.375
0,2,6,2,0,14555,5,1,1,3,1,2,2,23,3,2,1,99,1,2,2425.8333333333335
0,1,15,99,0,950,1,5,4,3,1,3,3,33,3,1,2,3,2,1,63.333333333333336
0,1,24,4,0,1199,1,5,4,3,1,4,3,60,3,2,2,2,1,1,49.958333333333336
0,1,12,99,0,1082,1,3,4,3,1,4,3,48,1,2,2,3,1,1,90.16666666666667
0,2,30,2,0,2150,1,3,4,2,3,2,4,24,1,2,1,3,1,1,71.66666666666667
0,2,36,4,0,2820,1,2,4,1,1,4,3,27,3,2,2,3,1,1,78.33333333333333
0,2,48,2,3,3060,1,4,4,3,1,4,1,28,3,2,2,3,1,1,63.75
0,1,18,2,3,2600,1,3,4,3,1,4,4,65,3,3,2,3,1,1,144.44444444444446
0,4,21,99,0,5003,5,3,1,2,1,4,2,29,1,2,2,3,1,2,238.23809523809524
0,2,60,2,6,6288,1,3,4,3,1,4,4,42,3,3,1,3,1,1,104.8
0,4,24,3,0,2538,1,5,4,3,1,4,3,47,3,2,2,2,2,1,105.75
0,4,9,2,3,1478,1,4,4,3,1,2,3,22,3,2,1,3,1,1,164.22222222222223
0,2,39,4,3,4933,1,4,2,3,3,2,1,25,3,2,2,3,1,1,126.48717948717949
0,4,18,4,0,1530,1,3,3,3,1,2,2,32,1,2,2,3,1,1,85.0
0,2,9,99,0,1437,2,4,2,3,1,3,4,29,3,2,1,3,1,1,159.66666666666666
0,1,15,2,99,1275,5,3,4,2,1,2,3,24,3,1,1,3,1,1,85.0
0,1,24,2,3,1823,1,1,4,3,1,2,3,30,99,2,1,4,2,1,75.95833333333333
0,1,9,2,0,1422,1,2,3,3,1,2,4,27,3,3,1,4,1,2,158.0
0,1,18,2,99,1217,1,3,4,4,1,3,1,47,3,2,1,2,1,2,67.61111111111111
0,1,36,2,0,9271,1,4,2,3,1,1,3,24,3,2,1,3,1,2,257.52777777777777
0,1,36,3,9,2145,1,4,2,3,1,1,3,24,3,2,2,3,1,2,59.583333333333336
0,1,36,2,0,1842,1,2,4,2,1,4,3,34,3,2,1,3,1,2,51.166666666666664
0,2,18,3,2,4297,1,5,4,1,1,3,4,40,3,2,1,4,1,2,238.72222222222223
0,1,6,4,2,3384,1,3,1,1,1,4,1,44,3,1,1,4,1,2,564.0
0,2,18,4,3,1245,1,3,4,4,1,2,3,33,3,2,1,3,1,1,69.16666666666667
0,4,15,2,6,4623,2,3,3,3,1,2,2,40,3,2,1,4,1,2,308.2
0,2,30,4,2,8386,1,4,2,3,1,2,2,49,3,2,1,3,1,1,279.53333333333336
0,1,24,3,3,1024,1,2,4,4,1,4,1,48,99,2,1,3,1,1,42.666666666666664
0,2,36,2,0,14318,1,5,4,3,1,2,4,57,3,3,1,4,1,2,397.72222222222223
0,2,6,99,6,433,99,2,4,2,1,2,2,24,1,1,1,3,2,1,72.16666666666667
0,1,12,99,3,2149,1,3,4,1,1,1,4,29,3,3,1,3,1,1,179.08333333333334
0,4,24,2,3,2397,3,5,3,3,1,2,3,35,1,2,2,3,1,2,99.875
0,2,6,99,0,931,2,2,1,2,1,1,2,32,99,2,1,2,1,1,155.16666666666666
0,2,15,3,99,1512,99,3,3,4,1,3,2,61,99,2,2,3,1,1,100.8
0,2,24,99,9,4241,1,3,1,3,1,4,1,36,3,2,3,2,1,2,176.70833333333334
0,2,24,4,2,4736,1,2,2,2,1,4,3,25,1,2,1,2,1,1,197.33333333333334
0,2,15,99,0,1778,1,2,2,2,1,1,1,26,3,1,2,99,1,1,118.53333333333333
0,3,15,2,3,2327,1,2,2,2,1,3,1,25,3,2,1,2,1,1,155.13333333333333
0,1,24,99,2,6872,1,2,2,1,1,1,2,55,1,2,1,3,1,2,286.3333333333333
0,1,12,2,6,795,1,2,4,2,1,4,2,53,3,2,1,3,1,1,66.25
0,3,30,3,9,1908,1,5,4,3,1,4,1,66,3,2,1,4,1,2,63.6
0,2,36,99,9,1953,1,5,4,3,1,4,4,61,3,3,1,4,1,2,54.25
0,3,18,2,2,2864,1,3,2,3,1,1,1,34,3,2,1,2,2,1,159.11111111111111
0,3,21,4,6,2319,1,2,2,1,1,1,3,33,3,1,1,3,1,1,110.42857142857143
0,1,24,2,0,915,5,5,4,2,1,2,3,29,1,2,1,3,1,1,38.125
0,3,24,2,0,947,1,4,4,3,1,3,4,38,1,3,1,3,2,1,39.458333333333336
0,1,24,2,0,1381,5,3,4,2,1,2,2,35,3,2,1,3,1,1,57.541666666666664
0,1,24,2,0,1285,5,4,4,2,1,4,4,32,3,1,1,3,1,1,53.541666666666664
0,1,24,2,0,1371,5,3,4,2,1,4,1,25,3,1,1,3,1,1,57.125
0,2,18,2,0,1042,5,3,4,2,1,2,2,33,3,2,1,3,1,1,57.888888888888886
0,1,12,2,0,900,5,3,4,4,1,2,3,23,3,2,1,3,1,1,75.0
0,1,24,2,0,1207,1,2,4,2,1,4,2,24,3,1,1,3,1,1,50.291666666666664
0,2,18,99,0,2278,2,2,3,2,1,3,3,28,3,2,2,3,1,1,126.55555555555556
0,1,60,3,9,6836,1,5,3,3,1,4,4,63,3,2,2,3,1,2,113.93333333333334
0,1,24,2,2,3345,1,5,4,3,1,2,2,39,3,1,1,4,1,2,139.375
0,1,6,99,6,1198,1,5,4,2,1,4,4,35,3,3,1,3,1,1,199.66666666666666
0,2,48,2,9,15672,1,3,2,3,1,2,3,23,3,2,1,3,1,2,326.5
0,1,60,2,9,7297,1,5,4,3,2,4,4,36,3,1,1,3,1,1,121.61666666666666
0,4,18,2,99,1943,1,2,4,2,1,4,1,23,3,2,1,3,1,1,107.94444444444444
0,1,18,2,3,3190,1,3,2,2,1,2,1,24,3,2,1,3,1,1,177.22222222222223
0,2,9,99,1,5129,1,5,2,2,1,4,4,74,1,3,1,4,2,2,569.8888888888889
0,4,18,3,2,1808,1,4,4,2,1,1,1,22,3,2,1,3,1,1,100.44444444444444
0,3,10,2,0,1240,2,5,1,2,1,4,4,48,3,3,1,2,2,1,124.0
0,1,12,2,0,759,1,4,4,3,1,2,1,26,3,2,1,3,1,1,63.25
0,2,8,2,2,1237,1,3,3,2,1,4,1,24,3,2,1,3,1,1,154.625
0,4,9,2,2,1980,1,2,2,2,2,2,3,19,3,1,2,3,1,1,220.0
0,2,48,2,3,10961,99,4,1,3,2,2,4,27,1,2,2,3,1,2,228.35416666666666
0,1,36,3,6,6887,1,3,4,3,1,3,2,29,99,2,1,3,1,2,191.30555555555554
0,1,24,2,3,1938,1,2,4,1,1,3,2,32,3,2,1,3,1,1,80.75
0,1,21,2,3,1835,1,3,3,2,1,2,1,25,3,2,2,3,1,2,87.38095238095238
0,1,24,3,3,1659,1,2,4,2,1,2,3,29,3,1,1,2,1,2,69.125
0,2,6,3,0,1209,1,1,4,3,1,4,2,47,3,2,1,4,1,2,201.5
0,2,48,99,9,3844,2,4,4,3,1,4,4,34,3,3,1,2,2,1,80.08333333333333
0,1,12,4,0,4843,1,5,3,3,2,4,2,43,3,1,2,3,1,2,403.5833333333333
0,2,12,2,99,639,1,3,4,3,1,2,3,30,3,2,1,3,1,1,53.25
0,2,48,2,3,5951,1,3,2,2,1,2,1,22,3,2,1,3,1,1,123.97916666666667
0,2,36,99,3,3804,1,3,4,2,1,1,3,42,3,2,1,3,1,2,105.66666666666667
0,4,36,3,3,4463,1,3,4,3,1,2,3,26,3,2,2,4,1,2,123.97222222222223
0,4,36,3,9,7980,5,2,4,3,1,4,3,27,3,1,2,3,1,2,221.66666666666666
0,3,36,2,3,4210,1,3,4,3,1,2,3,26,3,2,1,3,1,1,116.94444444444444
0,4,6,2,2,4611,1,2,1,2,1,4,2,32,3,2,1,3,1,1,768.5
0,2,24,2,1,11560,1,3,1,2,1,4,3,23,3,1,2,4,1,1,481.6666666666667
0,4,18,99,9,4165,1,3,2,3,1,2,3,36,99,2,2,3,2,1,231.38888888888889
0,2,24,2,2,4057,1,4,3,1,1,3,3,43,3,2,1,3,1,2,169.04166666666666
0,4,18,99,0,6458,1,5,2,3,1,4,4,39,1,2,2,4,2,2,358.77777777777777
0,4,12,2,0,1386,3,3,2,2,1,2,2,26,3,2,1,3,1,1,115.5
0,1,36,2,6,1977,5,5,4,3,1,4,4,40,3,2,1,4,1,2,54.916666666666664
0,2,18,4,2,1928,1,2,2,3,1,2,1,31,3,2,2,2,1,1,107.11111111111111
0,4,12,2,2,1123,3,3,4,2,1,4,3,29,3,1,1,2,1,1,93.58333333333333
0,2,24,2,99,11328,1,3,2,3,2,3,3,29,1,2,2,4,1,2,472.0
0,2,24,4,99,11938,1,3,2,3,2,3,3,39,3,2,2,4,2,2,497.4166666666667
0,2,27,4,3,2520,3,3,4,3,1,2,2,23,3,2,2,2,1,1,93.33333333333333
0,2,30,3,3,1919,2,2,4,3,1,3,4,30,99,2,2,4,1,1,63.96666666666667
0,2,60,99,99,14782,2,5,3,2,1,4,4,60,1,3,2,4,1,2,246.36666666666667
0,2,36,2,3,2671,2,3,4,2,2,4,4,50,3,3,1,3,1,1,74.19444444444444
0,2,36,2,6,12612,2,3,1,3,1,4,4,47,3,3,1,3,2,2,350.3333333333333
0,2,45,2,3,3031,2,3,4,3,3,4,2,21,3,1,1,3,1,1,67.35555555555555
0,1,12,99,3,626,1,3,4,2,1,4,1,24,1,2,1,2,1,1,52.166666666666664
0,2,24,4,9,1935,1,5,4,1,1,4,1,31,3,2,2,3,1,2,80.625
0,3,24,4,0,1344,5,4,4,3,1,2,1,37,1,2,2,2,2,1,56.0
0,4,18,2,2,1533,1,2,4,4,2,1,2,43,3,2,1,2,2,1,85.16666666666667
0,1,48,2,0,3931,1,4,4,3,1,4,4,46,3,3,1,3,2,1,81.89583333333333
0,1,24,99,2,3349,3,2,4,3,1,4,4,30,3,3,1,3,2,2,139.54166666666666
0,1,36,2,3,2302,1,3,4,1,1,4,3,31,3,1,1,3,1,1,63.94444444444444
0,1,42,2,3,3965,1,2,4,3,1,3,3,34,3,2,1,3,1,1,94.4047619047619
0,1,12,2,3,727,2,2,4,4,1,3,4,33,3,2,1,2,1,2,60.583333333333336
0,4,48,2,9,3914,5,3,4,1,1,2,1,38,1,2,1,3,1,1,81.54166666666667
0,1,48,2,9,4308,1,2,3,2,1,4,2,24,3,1,1,3,1,1,89.75
0,2,12,2,3,1534,1,2,1,4,1,1,1,23,3,1,1,3,1,1,127.83333333333333
0,4,18,4,0,2775,1,4,2,3,1,2,2,31,1,2,2,3,1,1,154.16666666666666
0,1,40,4,6,5998,1,3,4,3,1,3,4,27,1,2,1,3,1,2,149.95
0,3,15,4,3,1271,5,3,3,3,1,4,4,39,3,3,2,3,1,2,84.73333333333333
0,2,12,2,0,1295,1,2,3,2,1,1,3,25,3,1,1,3,1,1,107.91666666666667
0,2,36,2,1,9398,1,2,1,4,1,4,3,28,3,1,1,4,1,2,261.05555555555554
0,2,12,2,2,951,2,2,4,2,1,4,3,27,1,1,4,3,1,1,79.25
0,2,24,2,0,1355,1,2,3,2,1,4,3,25,3,2,1,2,1,2,56.458333333333336
0,1,48,2,99,3051,1,3,3,3,1,4,3,54,3,2,1,3,1,1,63.5625
0,4,36,4,0,7855,1,3,4,2,1,2,1,25,99,2,2,3,1,2,218.19444444444446
0,4,18,2,3,433,1,1,3,2,2,4,1,22,3,1,1,3,1,1,24.055555555555557
0,4,36,3,9,9572,1,2,1,1,1,1,3,28,3,2,2,3,1,1,265.8888888888889
0,2,24,99,6,1837,1,4,4,2,1,4,4,34,1,3,1,2,1,1,76.54166666666667
0,2,30,4,0,4249,1,1,4,4,1,2,3,28,3,2,2,4,1,1,141.63333333333333
0,2,30,4,0,5234,1,1,4,4,1,2,3,28,3,2,2,4,1,1,174.46666666666667
0,1,48,2,3,6758,1,3,3,2,1,2,3,31,3,2,1,3,1,2,140.79166666666666
0,1,9,2,3,1366,1,2,3,2,1,4,2,22,3,1,1,3,1,1,151.77777777777777
0,1,24,99,99,1358,5,5,4,3,1,3,3,40,99,2,1,4,1,2,56.583333333333336
0,1,18,2,2,2473,1,1,4,3,1,1,3,25,3,2,1,99,1,1,137.38888888888889
0,3,9,99,3,1337,1,2,4,3,1,2,3,34,3,2,2,4,1,2,148.55555555555554
0,1,48,2,0,7763,1,5,4,3,1,4,4,42,1,3,1,4,1,1,161.72916666666666
0,2,15,99,0,1264,2,3,2,4,1,2,2,25,3,1,1,3,1,1,84.26666666666667
0,2,15,2,0,2631,2,3,2,2,1,4,3,28,3,1,2,3,1,2,175.4
0,2,48,2,0,6560,2,4,3,3,1,2,2,24,3,2,1,3,1,1,136.66666666666666
0,1,24,2,0,3123,1,2,4,2,1,1,2,27,3,2,1,3,1,1,130.125
0,1,36,4,6,8065,1,3,3,2,1,2,4,25,3,2,2,4,1,2,224.02777777777777
0,1,24,2,3,2439,1,2,4,2,1,4,1,35,3,2,1,3,1,2,101.625
0,2,36,2,2,9034,2,2,4,3,2,1,4,29,3,1,1,4,1,2,250.94444444444446
0,2,60,2,0,14027,1,4,4,3,1,2,4,27,3,2,1,4,1,2,233.78333333333333
0,1,36,4,1,9629,1,4,4,3,1,4,3,24,3,2,2,3,1,2,267.47222222222223
0,2,12,2,3,1484,5,3,2,4,1,1,1,25,3,2,1,3,1,2,123.66666666666667
0,1,18,2,2,1131,1,1,4,2,1,2,3,33,3,2,1,3,1,1,62.833333333333336
0,2,24,3,2,2064,1,1,3,2,1,2,2,34,3,2,1,4,1,2,86.0
0,2,18,2,1,12976,1,1,3,2,1,4,4,38,3,3,1,4,1,2,720.8888888888889
0,4,21,3,9,2580,3,2,4,3,1,2,1,41,1,2,1,2,2,1,122.85714285714286
0,4,27,2,0,2570,1,3,3,2,1,3,1,21,3,1,1,3,1,1,95.18518518518519
0,2,27,2,9,3915,1,3,4,3,1,2,3,36,3,2,1,3,2,2,145.0
0,4,10,2,0,1309,5,3,4,3,3,4,2,27,3,2,1,2,1,1,130.9
0,1,24,2,0,4817,1,4,2,3,2,3,2,31,3,2,1,3,1,2,200.70833333333334
0,1,12,2,0,2579,1,2,4,3,1,1,1,33,3,2,1,2,2,1,214.91666666666666
0,2,36,3,0,2225,1,5,4,3,1,4,4,57,1,3,2,3,1,2,61.80555555555556
0,1,18,2,2,4153,1,3,2,3,2,3,3,42,3,2,1,3,1,1,230.72222222222223
0,1,18,99,2,3114,1,2,1,2,1,4,2,26,3,1,1,3,1,1,173.0
0,1,18,4,2,2124,1,3,4,2,1,4,1,24,3,1,2,3,1,1,118.0
0,1,18,99,2,1553,1,3,4,3,1,3,3,44,1,2,1,3,1,1,86.27777777777777
0,1,30,2,2,2406,1,4,4,2,1,4,1,23,3,1,1,3,1,1,80.2
0,1,24,3,0,1333,1,1,4,3,1,2,1,43,3,3,2,3,2,1,55.541666666666664
0,1,48,99,2,7119,1,3,3,3,1,4,4,53,3,3,2,3,2,1,148.3125
0,1,24,3,0,4870,1,3,3,3,1,4,4,53,3,3,2,3,2,1,202.91666666666666
0,1,12,4,0,691,1,5,4,3,1,3,2,35,3,2,2,3,1,1,57.583333333333336
0,1,42,3,3,4370,1,4,3,3,1,2,2,26,1,2,2,3,2,2,104.04761904761905
0,1,36,99,2,2746,1,5,4,3,1,4,3,31,1,2,1,3,1,1,76.27777777777777
0,1,24,99,2,4110,1,5,3,3,1,4,4,23,1,1,2,3,2,1,171.25
0,1,18,2,2,2462,1,3,2,3,1,2,3,22,3,2,1,3,1,1,136.77777777777777
0,1,12,2,2,1282,1,3,2,2,1,4,3,20,3,1,1,3,1,1,106.83333333333333
0,2,12,99,2,2969,1,2,4,2,1,3,2,25,3,1,2,3,1,1,247.41666666666666
0,1,48,99,1,4605,1,5,3,3,1,4,4,24,3,3,2,3,2,1,95.9375
0,1,48,4,1,6331,1,5,4,3,1,4,4,46,3,3,2,3,1,2,131.89583333333334
0,1,24,99,2,3552,1,4,3,3,1,4,3,27,1,2,1,3,1,1,148.0
0,1,12,99,0,697,1,2,4,3,1,2,3,46,1,2,2,3,1,2,58.083333333333336
0,1,24,2,0,1442,1,4,4,2,1,4,3,23,3,1,2,3,1,1,60.083333333333336
0,1,27,99,9,5293,1,1,2,3,1,4,2,50,3,2,2,3,1,2,196.03703703703704
0,1,21,3,6,3414,1,2,2,3,1,1,2,26,99,2,2,3,1,1,162.57142857142858
0,1,18,2,2,2039,1,3,1,2,1,4,1,20,3,1,1,3,1,1,113.27777777777777
0,1,24,99,9,3161,1,3,4,3,1,2,2,31,1,1,1,3,1,2,131.70833333333334
0,1,12,2,99,902,1,4,4,4,1,4,2,21,3,1,1,3,1,1,75.16666666666667
0,1,48,2,1,10297,1,4,4,3,1,4,4,39,3,3,3,3,2,2,214.52083333333334
0,2,48,99,9,14421,1,3,2,3,1,2,3,25,99,2,1,3,1,2,300.4375
0,2,18,4,0,1056,1,5,3,3,3,3,1,30,3,2,2,3,1,1,58.666666666666664
0,1,12,2,0,1274,1,2,3,2,1,1,1,37,1,2,1,2,1,1,106.16666666666667
0,2,12,2,0,1223,1,5,1,1,1,1,1,46,3,1,2,3,1,1,101.91666666666667
0,1,12,2,0,1372,1,4,2,1,1,3,3,36,3,2,1,3,1,1,114.33333333333333
0,1,16,4,0,2625,1,5,2,3,3,4,2,43,3,1,1,3,1,2,164.0625
0,1,20,4,0,2235,1,3,4,4,3,2,2,33,1,1,2,3,1,1,111.75
0,2,9,2,2,959,1,3,1,2,1,2,3,29,1,2,1,3,1,1,106.55555555555556
0,2,18,4,0,884,1,5,4,3,1,4,3,36,3,2,1,3,2,2,49.111111111111114
0,2,24,2,0,1246,1,2,4,3,1,2,1,23,1,2,1,2,1,1,51.916666666666664
0,2,36,3,0,8086,2,5,2,3,1,4,3,42,99,2,4,4,1,2,224.61111111111111
0,4,48,4,0,10127,3,3,2,3,1,2,4,44,3,3,1,3,1,1,210.97916666666666
0,2,12,2,0,888,1,5,4,3,1,4,3,41,1,2,1,2,2,1,74.0
0,4,12,2,6,719,1,5,4,3,1,4,3,41,1,2,1,2,2,1,59.916666666666664
0,2,36,2,0,12389,5,3,1,3,1,4,4,37,1,3,1,3,1,2,344.1388888888889
0,1,12,2,3,709,1,5,4,3,1,4,1,57,3,2,1,2,1,1,59.083333333333336
0,2,15,99,0,6850,2,1,1,3,1,2,2,34,99,2,1,4,2,2,456.6666666666667
0,4,10,2,2,2210,1,3,2,3,1,2,1,25,3,1,1,2,1,1,221.0
0,4,30,99,1,7485,5,1,4,2,1,1,1,53,1,2,1,4,1,2,249.5
0,1,18,99,0,1442,1,4,4,3,1,4,4,32,1,3,2,2,2,1,80.11111111111111
0,4,12,4,3,797,5,5,4,2,1,3,2,33,3,2,1,2,2,1,66.41666666666667
0,2,45,4,3,4746,1,2,4,3,1,2,2,24,1,2,2,2,1,1,105.46666666666667
0,3,12,4,0,939,3,4,4,4,1,2,1,28,3,2,3,3,1,2,78.25
0,2,21,2,9,1188,1,5,2,2,1,4,2,39,3,2,1,3,2,1,56.57142857142857
0,4,48,4,1,11590,2,3,2,2,1,4,3,24,3,1,2,2,1,1,241.45833333333334
0,3,12,99,9,609,1,2,4,2,1,1,1,26,1,2,1,99,1,1,50.75
0,1,18,4,99,1190,1,1,2,2,1,4,4,55,3,3,3,99,2,1,66.11111111111111
0,2,21,2,9,2767,2,5,4,1,1,2,3,61,3,1,2,2,1,1,131.76190476190476
0,2,30,2,2,3441,2,3,2,2,2,4,3,21,1,1,1,3,1,1,114.7
0,2,30,99,9,4280,2,3,4,2,1,4,3,26,3,1,2,2,1,1,142.66666666666666
0,2,24,2,3,3092,2,2,3,4,1,2,3,22,3,1,1,3,1,2,128.83333333333334
0,4,18,2,0,6761,5,3,2,3,1,4,3,68,99,1,2,3,1,1,375.6111111111111
0,2,12,2,3,1331,1,2,2,3,1,1,3,22,3,2,1,3,1,1,110.91666666666667
0,2,54,99,9,15945,1,2,3,3,1,4,4,58,3,1,1,3,1,2,295.27777777777777
0,1,24,2,2,3234,1,2,4,2,1,4,1,23,3,1,1,2,1,2,134.75
0,2,15,2,3,802,1,5,4,3,1,3,3,37,3,2,1,3,2,1,53.46666666666667
0,2,48,2,2,9960,1,2,1,2,1,2,3,26,1,2,1,3,1,2,207.5
0,4,24,3,9,8648,1,2,2,3,1,2,3,27,1,2,2,3,1,2,360.3333333333333
0,1,18,2,3,1345,1,3,4,4,1,3,1,26,3,2,1,3,1,1,74.72222222222223
0,1,45,2,3,1845,1,3,4,3,1,4,4,23,3,3,1,3,1,2,41.0
0,1,21,99,0,1647,5,3,4,3,1,2,2,40,1,2,2,2,2,1,78.42857142857143
0,4,48,2,9,4844,1,1,3,3,1,2,3,33,3,1,1,4,1,2,100.91666666666667
0,2,27,99,9,8318,1,5,2,2,1,4,4,42,99,3,2,4,1,2,308.0740740740741
0,3,18,2,3,2100,1,3,4,3,2,2,1,37,3,2,1,3,1,1,116.66666666666667
0,1,45,99,9,11816,1,5,2,3,1,4,3,29,3,1,2,3,1,1,262.5777777777778
0,1,6,2,6,448,1,2,4,2,1,4,2,23,3,2,1,3,1,1,74.66666666666667
0,1,30,2,99,11998,1,2,1,1,1,1,4,34,1,2,1,2,1,2,399.93333333333334
0,2,48,99,99,18424,1,3,1,2,1,2,2,32,1,2,1,4,1,2,383.8333333333333
0,1,6,2,0,14896,1,5,1,3,1,4,4,68,1,2,1,4,1,2,2482.6666666666665
0,2,12,2,2,2762,5,5,1,2,1,2,2,25,3,2,1,3,1,2,230.16666666666666
0,1,12,2,1,3386,1,5,3,3,1,4,4,35,3,3,1,3,1,2,282.1666666666667
0,2,24,2,3,2039,1,2,1,4,1,1,2,22,3,2,1,3,1,2,84.95833333333333
0,4,18,3,9,2169,1,3,4,4,1,2,3,28,3,2,1,3,1,2,120.5
0,2,48,4,2,5096,1,3,2,2,1,3,3,30,3,2,1,4,1,2,106.16666666666667
0,1,18,2,3,1882,1,3,4,2,1,4,3,25,1,1,2,3,1,1,104.55555555555556
0,1,48,2,3,6999,1,4,1,4,3,1,1,34,3,2,2,3,1,2,145.8125
0,4,12,4,9,2292,1,1,4,3,1,2,3,42,99,2,2,4,1,2,191.0
0,1,14,2,0,8978,1,5,1,1,1,4,2,45,3,2,1,4,1,2,641.2857142857143
0,1,12,2,3,674,2,4,4,4,1,1,2,20,3,2,1,3,1,1,56.166666666666664
0,1,18,2,0,976,1,2,1,2,1,2,3,23,3,2,1,2,1,1,54.22222222222222
0,2,24,2,0,2718,1,3,3,2,1,4,2,20,3,1,1,2,1,2,113.25
0,1,18,2,6,750,1,1,4,2,1,1,1,27,3,2,1,99,1,1,41.666666666666664
0,2,24,2,1,12579,1,5,4,2,1,2,4,44,3,3,1,4,1,2,524.125
0,1,18,2,1,7511,5,5,1,3,1,4,2,51,3,3,1,3,2,2,417.27777777777777
0,1,18,4,0,3966,1,5,1,2,1,4,1,33,1,1,3,3,1,2,220.33333333333334
0,1,12,99,3,6199,1,3,4,3,1,2,2,28,3,1,2,3,1,2,516.5833333333334
0,1,24,2,3,1987,1,3,2,3,1,4,1,21,3,1,1,2,2,1,82.79166666666667
0,1,24,2,0,2303,1,5,4,3,2,1,1,45,3,2,1,3,1,1,95.95833333333333
0,4,21,4,0,12680,5,5,4,3,1,4,4,30,3,3,1,4,1,2,603.8095238095239
0,2,12,2,3,6468,5,1,2,3,1,1,4,52,3,2,1,4,1,2,539.0
0,1,30,2,2,6350,5,5,4,3,1,4,2,31,3,2,1,3,1,1,211.66666666666666
